0,0,0
1,0,0
2,0,0
3,0,0
4,0,0
5,0,0
6,0,0
7,0,0
8,0,0
9,0,0
10,0,0
11,0,0
12,0,0
13,0,0
14,0,0
15,0,0
16,0,0
17,0,0
18,0,0
19,0,0
20,0,0
21,0,0
22,0,0
23,0,0
24,0,0
25,0,0
26,0,0
27,0,0
28,0.0041,0
29,0.0138,0.0248
30,0.0317,0.0331
31,0.0593,0.0634
32,0.0966,0.1172
33,0.131,0.1283
34,0.1683,0.0731
35,0.2083,0.1297
36,0.2483,0.1297
37,0.2869,0.1476
38,0.3241,0.1683
39,0.3572,0.1862
40,0.3876,0.2083
41,0.4138,0.4138
42,0.4372,0.4731
43,0.4579,0.5117
44,0.4745,0.5117
45,0.4883,0.5103
46,0.5007,0.5338
47,0.5103,0.5131
48,0.5172,0.509
49,0.5228,0.5352
50,0.5255,0.5297
51,0.5283,0.5614
52,0.5269,0.5407
53,0.5255,0.4938
54,0.5214,0.4814
55,0.5159,0.5021
56,0.4662,0.5145
57,0.4566,0.4276
58,0.4455,0.2924
59,0.4331,0.3503
60,0.4166,0.3186
61,0.3986,0.2497
62,0.3793,0.229
63,0.3614,0.1117
64,0.3434,0.2055
65,0.3241,0.0952
66,0.3034,0.1959
67,0.28,0.0938
68,0.2552,0.1503
69,0.2317,0.1338
70,0.2083,0.1462
71,0.1821,0.069
72,0.1572,0.0372
73,0.1324,0.0248
74,0.1103,0.0193
75,0.0883,0.0138
76,0.0676,0.0028
77,0.0469,0
78,0.029,0
79,0.0166,0.0221
80,0.0069,0.011
81,0.0014,0.0028
82,0,0
83,0,0
84,0,0
85,0,0
86,0,0
87,0,0
88,0,0
89,0,0
90,0,0
91,0,0
92,0,0
93,0,0
94,0,0
95,0,0
96,0,0
97,0,0
98,0,0
99,0,0
100,0,0
101,0,0
102,0,0
103,0,0
104,0,0
105,0,0
106,0,0
107,0,0
108,0,0
109,0,0
110,0,0
111,0,0
112,0,0
113,0,0
114,0,0
115,0,0
116,0,0
117,0,0
118,0,0
119,0,0
120,0,0
121,0,0
122,0,0
123,0,0
124,0.0028,0.0028
125,0.011,0.0083
126,0.0248,0.0221
127,0.0455,0.0455
128,0.0717,0.069
129,0.1021,0.0966
130,0.1338,0.1269
131,0.1655,0.171
132,0.2,0.2303
133,0.2345,0.2166
134,0.2676,0.3117
135,0.3007,0.3421
136,0.3324,0.4786
137,0.3628,0.4648
138,0.3945,0.5379
139,0.4221,0.531
140,0.4786,0.4662
141,0.4993,0.4966
142,0.5186,0.5048
143,0.5366,0.5434
144,0.5517,0.6441
145,0.5669,0.5848
146,0.5766,0.7697
147,0.5807,0.5434
148,0.5821,0.6455
149,0.5793,0.6055
150,0.5752,0.4
151,0.5683,0.5683
152,0.4648,0.4303
153,0.4593,0.1214
154,0.4524,0.4317
155,0.4441,0.4345
156,0.4331,0.4497
157,0.4207,0.4262
158,0.4069,0.4372
159,0.3917,0.4524
160,0.3738,0.4041
161,0.3559,0.4069
162,0.3352,0.371
163,0.3131,0.3421
164,0.291,0.331
165,0.2662,0.2883
166,0.24,0.24
167,0.2124,0.2097
168,0.1821,0.1821
169,0.1517,0.1531
170,0.1241,0.2166
171,0.0979,0.1559
172,0.0731,0.0952
173,0.0497,0.0676
174,0.0303,0.0372
175,0.0166,0.04
176,0.0069,0.0083
177,0.0014,0.0014
178,0,0
179,0,0
180,0,0
181,0,0
182,0,0
183,0,0
184,0,0
185,0,0
186,0,0
187,0,0
188,0,0
189,0,0
190,0,0
191,0,0
192,0,0
193,0,0
194,0,0
195,0,0
196,0,0
197,0,0
198,0,0
199,0,0
200,0,0
201,0,0
202,0,0
203,0,0
204,0,0
205,0,0
206,0,0
207,0,0
208,0,0
209,0,0
210,0,0
211,0,0
212,0,0
213,0,0
214,0,0
215,0,0
216,0,0
217,0,0
218,0,0
219,0,0
220,0.0041,0
221,0.0124,0.0138
222,0.029,0.04
223,0.0566,0.0497
224,0.0883,0.0428
225,0.1228,0.0924
226,0.16,0.131
227,0.2,0.1586
228,0.24,0.2124
229,0.28,0.2676
230,0.3159,0.3186
231,0.3503,0.3407
232,0.3821,0.3821
233,0.411,0.4152
234,0.4359,0.4469
235,0.4579,0.4869
236,0.4772,0.5034
237,0.4938,0.5352
238,0.5076,0.5407
239,0.52,0.5614
240,0.5297,0.5779
241,0.5366,0.5738
242,0.5421,0.5407
243,0.5434,0.4359
244,0.5407,0.469
245,0.5379,0.4234
246,0.531,0.4855
247,0.5241,0.3021
248,0.4814,0.4979
249,0.4745,0.5572
250,0.4648,0.5545
251,0.4566,0.4938
252,0.4469,0.6303
253,0.4372,0.451
254,0.4248,0.3572
255,0.4028,0.1862
256,0.3807,0.3379
257,0.3586,0.331
258,0.3338,0.2552
259,0.3076,0.2814
260,0.2814,0.3572
261,0.2552,0.2828
262,0.2262,0.2897
263,0.1959,0.269
264,0.1669,0.2234
265,0.1407,0.1531
266,0.1145,0.1103
267,0.0897,0.0828
268,0.0676,0.0621
269,0.0455,0.0428
270,0.0276,0.0262
271,0.0152,0.0138
272,0.0055,0.0055
273,0,0
274,0,0
275,0,0
276,0,0
277,0,0
278,0,0
279,0,0
280,0,0
281,0,0
282,0,0
283,0,0
284,0,0
285,0,0
286,0,0
287,0,0
288,0,0
289,0,0
290,0,0
291,0,0
292,0,0
293,0,0
294,0,0
295,0,0
296,0,0
297,0,0
298,0,0
299,0,0
300,0,0
301,0,0
302,0,0
303,0,0
304,0,0
305,0,0
306,0,0
307,0,0
308,0,0
309,0,0
310,0,0
311,0,0
312,0,0
313,0,0
314,0,0
315,0,0
316,0.0028,0
317,0.0083,0.0028
318,0.0179,0.0083
319,0.0345,0.0166
320,0.04,0.029
321,0.0566,0.0359
322,0.0731,0.0386
323,0.0897,0.0593
324,0.1048,0.051
325,0.1214,0.0566
326,0.1379,0.08
327,0.1531,0.1228
328,0.1655,0.1697
329,0.1779,0.171
330,0.189,0.2317
331,0.1986,0.2566
332,0.2069,0.3103
333,0.2166,0.2814
334,0.2234,0.1945
335,0.229,0.4869
336,0.2345,0.5848
337,0.24,0.5048
338,0.2428,0.1724
339,0.2441,0.3876
340,0.2455,0.6814
341,0.2455,0.3766
342,0.2455,0.3186
343,0.2441,0.2993
344,0.3062,0.24
345,0.2993,0.24
346,0.2924,0.211
347,0.2828,0.1903
348,0.2731,0.1862
349,0.2607,0.1807
350,0.2469,0.1572
351,0.2317,0.1641
352,0.1448,0.1628
353,0.1379,0.1462
354,0.1283,0.1379
355,0.12,0.1269
356,0.109,0.1007
357,0.0979,0.0883
358,0.0855,0.0786
359,0.0731,0.0745
360,0.0634,0.0579
361,0.0524,0.0483
362,0.0428,0.0248
363,0.0345,0.0152
364,0.0262,0.0124
365,0.0179,0.0083
366,0.011,0.0069
367,0.0055,0.0028
368,0.0014,0.0014
369,0,0
370,0,0
371,0,0
372,0,0
373,0,0
374,0,0
375,0,0
376,0,0
377,0,0
378,0,0
379,0,0
380,0,0
381,0,0
382,0,0
383,0,0
384,0,0
385,0,0
386,0,0
387,0,0
388,0,0
389,0,0
390,0,0
391,0,0
392,0,0
393,0,0
394,0,0
395,0,0
396,0,0
397,0,0
398,0,0
399,0,0
400,0,0
401,0,0
402,0,0
403,0,0
404,0,0
405,0,0
406,0,0
407,0,0
408,0,0
409,0,0
410,0,0
411,0,0
412,0.0014,0
413,0.0069,0.0055
414,0.0152,0.0262
415,0.0276,0.0166
416,0.0469,0.0497
417,0.0662,0.04
418,0.0855,0.0248
419,0.1062,0.0331
420,0.1269,0.0759
421,0.1462,0.1034
422,0.1655,0.1655
423,0.1848,0.1834
424,0.2028,0.2041
425,0.2193,0.2317
426,0.2345,0.229
427,0.2497,0.2193
428,0.2621,0.229
429,0.2731,0.2331
430,0.2814,0.2345
431,0.2883,0.2386
432,0.2952,0.2483
433,0.3034,0.2552
434,0.309,0.2345
435,0.3145,0.2317
436,0.3172,0.2248
437,0.32,0.2372
438,0.32,0.2483
439,0.3186,0.2662
440,0.2483,0.2455
441,0.2455,0.2552
442,0.2414,0.1793
443,0.2359,0.1614
444,0.2303,0.211
445,0.2234,0.3324
446,0.2152,0.3062
447,0.2069,0.3476
448,0.1986,0.2703
449,0.189,0.1669
450,0.1793,0.0497
451,0.1683,0.1821
452,0.1559,0.1172
453,0.1421,0.0179
454,0.1283,0.0138
455,0.1131,0.0152
456,0.0993,0.0097
457,0.0855,0.0028
458,0.0717,0.0621
459,0.0579,0.0455
460,0.0428,0.0331
461,0.0276,0.0221
462,0.0166,0.0138
463,0.0083,0
464,0.0028,0
465,0,0
466,0,0
467,0,0
468,0,0
469,0,0
470,0,0
471,0,0
472,0,0
473,0,0
474,0,0
475,0,0
476,0,0
477,0,0
478,0,0
479,0,0
480,0,0
481,0,0
482,0,0
483,0,0
484,0,0
485,0,0
486,0,0
487,0,0
488,0,0
489,0,0
490,0,0
491,0,0
492,0,0
493,0,0
494,0,0
495,0,0
496,0,0
497,0,0
498,0,0
499,0,0
500,0,0
501,0,0
502,0,0
503,0,0
504,0,0
505,0,0
506,0,0
507,0,0
508,0.0014,0
509,0.0055,0.0179
510,0.0152,0.0262
511,0.0303,0.0234
512,0.0621,0.0524
513,0.0897,0.0703
514,0.12,0.1034
515,0.1517,0.1228
516,0.1834,0.1738
517,0.2138,0.2221
518,0.2441,0.2648
519,0.2703,0.2593
520,0.2952,0.3062
521,0.3172,0.3393
522,0.3366,0.3352
523,0.3531,0.3228
524,0.3669,0.2662
525,0.3807,0.3007
526,0.3917,0.3021
527,0.4014,0.28
528,0.4083,0.2883
529,0.4152,0.1628
530,0.4207,0.3186
531,0.4234,0.2897
532,0.4234,0.2179
533,0.4221,0.269
534,0.4193,0.2579
535,0.4138,0.1862
536,0.2786,0.3434
537,0.2772,0.2441
538,0.2731,0.3214
539,0.2703,0.1876
540,0.2648,0.0883
541,0.2593,0.2648
542,0.251,0.1269
543,0.2428,0.1821
544,0.2345,0.1503
545,0.2248,0.2124
546,0.2152,0.1683
547,0.2041,0.1752
548,0.1917,0.171
549,0.1766,0.1476
550,0.16,0.1366
551,0.1421,0.0041
552,0.1241,0.0028
553,0.1062,0.0828
554,0.0883,0.0648
555,0.069,0.0455
556,0.051,0.0359
557,0.0331,0.0207
558,0.0193,0.011
559,0.0097,0.0055
560,0.0028,0.0014
561,0,0
562,0,0
563,0,0
564,0,0
565,0,0
566,0,0
567,0,0
568,0,0
569,0,0
570,0,0
571,0,0
572,0,0
573,0,0
574,0,0
575,0,0
576,0,0
577,0,0
578,0,0
579,0,0
580,0,0
581,0,0
582,0,0
583,0,0
584,0,0
585,0,0
586,0,0
587,0,0
588,0,0
589,0,0
590,0,0
591,0,0
592,0,0
593,0,0
594,0,0
595,0,0
596,0,0
597,0,0
598,0,0
599,0,0
600,0,0
601,0,0
602,0,0
603,0,0
604,0.0014,0
605,0.0055,0.0028
606,0.0138,0.0097
607,0.0262,0.0193
608,0.0469,0.0372
609,0.069,0.0524
610,0.0897,0.0786
611,0.1117,0.0938
612,0.1379,0.1255
613,0.1628,0.1697
614,0.1903,0.1724
615,0.2179,0.2069
616,0.2455,0.2193
617,0.2717,0.3407
618,0.2966,0.2524
619,0.3214,0.2414
620,0.3434,0.4
621,0.3655,0.3021
622,0.3848,0.0428
623,0.4041,0.2234
624,0.4221,0.4566
625,0.4372,0.3821
626,0.4469,0.1986
627,0.4497,0.1545
628,0.4483,0.331
629,0.4455,0.3117
630,0.4414,0.3048
631,0.4345,0.3297
632,0.3007,0.3614
633,0.2966,0.3614
634,0.2924,0.3366
635,0.2869,0.3172
636,0.2814,0.3103
637,0.2745,0.3076
638,0.2676,0.28
639,0.2607,0.2428
640,0.2524,0.2097
641,0.2428,0.2097
642,0.2317,0.2372
643,0.2179,0.2897
644,0.2041,0.211
645,0.1876,0.1034
646,0.1683,0.0952
647,0.1476,0.0897
648,0.1255,0.0648
649,0.1062,0.0938
650,0.0869,0.109
651,0.0676,0.0621
652,0.0483,0.0786
653,0.0303,0.0359
654,0.0166,0.0124
655,0.0083,0.0069
656,0.0014,0
657,0,0
658,0,0
659,0,0
660,0,0
661,0,0
662,0,0
663,0,0
664,0,0
665,0,0
666,0,0
667,0,0
668,0,0
669,0,0
670,0,0
671,0,0
672,0,0
673,0,0
674,0,0
675,0,0
676,0,0
677,0,0
678,0,0
679,0,0
680,0,0
681,0,0
682,0,0
683,0,0
684,0,0
685,0,0
686,0,0
687,0,0
688,0,0
689,0,0
690,0,0
691,0,0
692,0,0
693,0,0
694,0,0
695,0,0
696,0,0
697,0,0
698,0,0
699,0,0
700,0,0
701,0.0014,0.0069
702,0.0028,0.0303
703,0.0055,0.0055
704,0.0083,0.011
705,0.0124,0.0179
706,0.0166,0.0234
707,0.0207,0.0317
708,0.0248,0.0359
709,0.0303,0.04
710,0.0345,0.0538
711,0.04,0.0607
712,0.0455,0.0676
713,0.0524,0.0745
714,0.0579,0.0772
715,0.0621,0.0814
716,0.0841,0.0924
717,0.0869,0.1021
718,0.0883,0.131
719,0.091,0.131
720,0.0924,0.1393
721,0.0924,0.1283
722,0.0924,0.1379
723,0.0897,0.1159
724,0.0883,0.1214
725,0.0869,0.1076
726,0.0855,0.1352
727,0.0828,0.16
728,0.1145,0.1559
729,0.1103,0.1393
730,0.1048,0.1793
731,0.0993,0.2303
732,0.0938,0.1876
733,0.0883,0.1821
734,0.0828,0.1021
735,0.0772,0.2083
736,0.0731,0.2248
737,0.0676,0.2152
738,0.0621,0.1614
739,0.0552,0.1007
740,0.0497,0.0593
741,0.0428,0.0566
742,0.0372,0.0483
743,0.0303,0.04
744,0.0248,0.0359
745,0.0207,0.0331
746,0.0152,0.029
747,0.0124,0.0234
748,0.0083,0.0166
749,0.0055,0.0124
750,0.0028,0.0083
751,0.0014,0.0028
752,0,0
753,0,0
754,0,0
755,0,0
756,0,0
757,0,0
758,0,0
759,0,0
760,0,0
761,0,0
762,0,0
763,0,0
764,0,0
765,0,0
766,0,0
767,0,0
768,0,0
769,0,0
770,0,0
771,0,0
772,0,0
773,0,0
774,0,0
775,0,0
776,0,0
777,0,0
778,0,0
779,0,0
780,0,0
781,0,0
782,0,0
783,0,0
784,0,0
785,0,0
786,0,0
787,0,0
788,0,0
789,0,0
790,0,0
791,0,0
792,0,0
793,0,0
794,0,0
795,0,0
796,0,0
797,0.0041,0.0014
798,0.011,0.011
799,0.0221,0.0166
800,0.0248,0.0221
801,0.04,0.0317
802,0.0552,0.0717
803,0.0703,0.0717
804,0.0855,0.0883
805,0.1007,0.0552
806,0.1172,0.1228
807,0.1352,0.091
808,0.1545,0.1586
809,0.1738,0.0455
810,0.1945,0.0455
811,0.2152,0.24
812,0.2345,0.1131
813,0.2538,0.1131
814,0.2717,0.0869
815,0.2897,0.331
816,0.3062,0.3393
817,0.32,0.36
818,0.331,0.3986
819,0.3393,0.4097
820,0.3462,0.3807
821,0.3517,0.3862
822,0.3572,0.371
823,0.3614,0.3752
824,0.3793,0.4083
825,0.3793,0.4248
826,0.3752,0.4097
827,0.371,0.4014
828,0.3655,0.3834
829,0.3572,0.3834
830,0.3448,0.2772
831,0.3297,0.1724
832,0.3131,0.1434
833,0.2966,0.12
834,0.28,0.1779
835,0.2621,0.1572
836,0.2414,0.3959
837,0.2193,0.32
838,0.1945,0.3448
839,0.1683,0.1421
840,0.1434,0.1421
841,0.12,0.1421
842,0.0966,0.0979
843,0.0717,0.0497
844,0.0497,0.0345
845,0.029,0
846,0.0152,0
847,0.0069,0.0055
848,0.0014,0
849,0,0
850,0,0
851,0,0
852,0,0
853,0,0
854,0,0
855,0,0
856,0,0
857,0,0
858,0,0
859,0,0
860,0,0
861,0,0
862,0,0
863,0,0
864,0,0
865,0,0
866,0,0
867,0,0
868,0,0
869,0,0
870,0,0
871,0,0
872,0,0
873,0,0
874,0,0
875,0,0
876,0,0
877,0,0
878,0,0
879,0,0
880,0,0
881,0,0
882,0,0
883,0,0
884,0,0
885,0,0
886,0,0
887,0,0
888,0,0
889,0,0
890,0,0
891,0,0
892,0,0
893,0.0055,0.0055
894,0.0166,0.0152
895,0.0345,0.0386
896,0.0703,0.0634
897,0.1048,0.0897
898,0.1393,0.1186
899,0.1821,0.1669
900,0.2262,0.2097
901,0.2676,0.2414
902,0.3048,0.2703
903,0.3379,0.2938
904,0.3669,0.2359
905,0.3917,0.309
906,0.4138,0.3021
907,0.4317,0.3628
908,0.4469,0.4593
909,0.4593,0.4014
910,0.4676,0.3752
911,0.4745,0.3779
912,0.4772,0.3641
913,0.48,0.3669
914,0.4814,0.3945
915,0.4828,0.2566
916,0.4814,0.3352
917,0.4786,0.4041
918,0.4745,0.4138
919,0.469,0.3779
920,0.3986,0.4262
921,0.3931,0.5545
922,0.3876,0.5559
923,0.3793,0.4759
924,0.3697,0.3476
925,0.3586,0.0579
926,0.3448,0.0303
927,0.3297,0.3476
928,0.3131,0.2993
929,0.2924,0.2993
930,0.2717,0.2897
931,0.2497,0.2828
932,0.2262,0.2621
933,0.2014,0.2359
934,0.1766,0.1959
935,0.149,0.1572
936,0.1228,0.1269
937,0.0993,0.0883
938,0.0786,0.0579
939,0.0593,0.0441
940,0.0386,0.0303
941,0.0234,0.0193
942,0.0124,0.0028
943,0.0041,0.0014
944,0,0
945,0,0
946,0,0
947,0,0
948,0,0
949,0,0
950,0,0
951,0,0
952,0,0
953,0,0
954,0,0
955,0,0
956,0,0
957,0,0
958,0,0
959,0,0
960,0,0
961,0,0
962,0,0
963,0,0
964,0,0
965,0,0
966,0,0
967,0,0
968,0,0
969,0,0
970,0,0
971,0,0
972,0,0
973,0,0
974,0,0
975,0,0
976,0,0
977,0,0
978,0,0
979,0,0
980,0,0
981,0,0
982,0,0
983,0,0
984,0,0
985,0,0
986,0,0
987,0,0
988,0,0
989,0.0041,0
990,0.0124,0.011
991,0.0276,0.029
992,0.0483,0.0621
993,0.0731,0.0952
994,0.0993,0.1062
995,0.1255,0.2262
996,0.1531,0.1545
997,0.1793,0.1338
998,0.2055,0.1283
999,0.2276,0.1393
1000,0.251,0.211
1001,0.2703,0.3269
1002,0.2883,0.3366
1003,0.3034,0.3655
1004,0.3159,0.3807
1005,0.3255,0.3917
1006,0.331,0.4069
1007,0.3366,0.4345
1008,0.3407,0.3945
1009,0.3434,0.411
1010,0.3434,0.3821
1011,0.3421,0.3972
1012,0.3379,0.3972
1013,0.3297,0.3669
1014,0.32,0.3393
1015,0.3103,0.3172
1016,0.331,0.3338
1017,0.3214,0.2579
1018,0.3076,0.2166
1019,0.2952,0.2138
1020,0.2814,0.2014
1021,0.2662,0.1407
1022,0.2538,0.1172
1023,0.24,0.0966
1024,0.2276,0.1117
1025,0.2152,0.1655
1026,0.2028,0.2138
1027,0.1903,0.2566
1028,0.1752,0.1379
1029,0.16,0.2703
1030,0.1407,0.1186
1031,0.1228,0.0676
1032,0.1062,0.1145
1033,0.0897,0.1297
1034,0.0717,0.0097
1035,0.0538,0
1036,0.0359,0
1037,0.0207,0
1038,0.011,0
1039,0.0041,0.0041
1040,0,0
1041,0,0
1042,0,0
1043,0,0
1044,0,0
1045,0,0
1046,0,0
1047,0,0
1048,0,0
1049,0,0
1050,0,0
1051,0,0
1052,0,0
1053,0,0
1054,0,0
1055,0,0
1056,0,0
1057,0,0
1058,0,0
1059,0,0
1060,0,0
1061,0,0
1062,0,0
1063,0,0
1064,0,0
1065,0,0
1066,0,0
1067,0,0
1068,0,0
1069,0,0
1070,0,0
1071,0,0
1072,0,0
1073,0,0
1074,0,0
1075,0,0
1076,0,0
1077,0,0
1078,0,0
1079,0,0
1080,0,0
1081,0,0
1082,0,0
1083,0,0
1084,0,0
1085,0.0041,0.0028
1086,0.0138,0.0097
1087,0.0317,0.0262
1088,0.0497,0.0483
1089,0.0772,0.0676
1090,0.1048,0.0993
1091,0.131,0.1214
1092,0.16,0.1503
1093,0.1903,0.2014
1094,0.2179,0.2828
1095,0.2428,0.3076
1096,0.2648,0.2662
1097,0.2883,0.3131
1098,0.3117,0.3641
1099,0.3324,0.4083
1100,0.3531,0.4441
1101,0.3724,0.3448
1102,0.3903,0.5531
1103,0.4055,0.3572
1104,0.4193,0.3048
1105,0.4303,0.5503
1106,0.4372,0.7448
1107,0.4441,0.4303
1108,0.4497,0.2979
1109,0.4524,0.2414
1110,0.4524,0.3434
1111,0.4524,0.2579
1112,0.4331,0.1103
1113,0.4262,0.1034
1114,0.4166,0.52
1115,0.4069,0.5228
1116,0.3945,0.5297
1117,0.3834,0.5021
1118,0.3724,0.4469
1119,0.3614,0.4524
1120,0.3503,0.4193
1121,0.3352,0.4097
1122,0.3145,0.3807
1123,0.2938,0.3297
1124,0.2717,0.3159
1125,0.2497,0.2869
1126,0.2248,0.2386
1127,0.2,0.2055
1128,0.1697,0.1752
1129,0.1393,0.1241
1130,0.109,0.0855
1131,0.0786,0.0703
1132,0.0497,0.0593
1133,0.0262,0.0276
1134,0.0138,0.0166
1135,0.0041,0.0041
1136,0,0
1137,0,0
1138,0,0
1139,0,0
1140,0,0
1141,0,0
1142,0,0
1143,0,0
1144,0,0
1145,0,0
1146,0,0
1147,0,0
1148,0,0
1149,0,0
1150,0,0
1151,0,0
1152,0,0
1153,0,0
1154,0,0
1155,0,0
1156,0,0
1157,0,0
1158,0,0
1159,0,0
1160,0,0
1161,0,0
1162,0,0
1163,0,0
1164,0,0
1165,0,0
1166,0,0
1167,0,0
1168,0,0
1169,0,0
1170,0,0
1171,0,0
1172,0,0
1173,0,0
1174,0,0
1175,0,0
1176,0,0
1177,0,0
1178,0,0
1179,0,0
1180,0,0
1181,0.0028,0
1182,0.011,0.0234
1183,0.0262,0.0303
1184,0.04,0.0855
1185,0.0648,0.1021
1186,0.0897,0.0814
1187,0.1117,0.1407
1188,0.1352,0.1848
1189,0.1614,0.1531
1190,0.1876,0.1986
1191,0.2124,0.229
1192,0.2359,0.2497
1193,0.2593,0.2897
1194,0.28,0.3228
1195,0.3021,0.3407
1196,0.3228,0.4014
1197,0.3421,0.4607
1198,0.3586,0.4993
1199,0.371,0.52
1200,0.3821,0.5297
1201,0.389,0.5338
1202,0.3917,0.5766
1203,0.3917,0.4648
1204,0.3903,0.4124
1205,0.3862,0.3945
1206,0.3793,0.3021
1207,0.3697,0.3241
1208,0.3848,0.2317
1209,0.3697,0.2938
1210,0.3503,0.3862
1211,0.3324,0.5697
1212,0.3145,0.5683
1213,0.3007,0.4483
1214,0.2897,0.5228
1215,0.28,0.291
1216,0.2703,0.3766
1217,0.2593,0.2414
1218,0.2483,0.1779
1219,0.2359,0.1379
1220,0.2221,0.2745
1221,0.2055,0.269
1222,0.1848,0.0883
1223,0.1655,0.0303
1224,0.1434,0.0331
1225,0.12,0.1366
1226,0.0938,0.1034
1227,0.0676,0.0717
1228,0.0414,0.0441
1229,0.0221,0.0221
1230,0.011,0.0097
1231,0.0028,0.0028
1232,0,0
1233,0,0
1234,0,0
1235,0,0
1236,0,0
1237,0,0
1238,0,0
1239,0,0
1240,0,0
1241,0,0
1242,0,0
1243,0,0
1244,0,0
1245,0,0
1246,0,0
1247,0,0
1248,0,0
1249,0,0
1250,0,0
1251,0,0
1252,0,0
1253,0,0
1254,0,0
1255,0,0
1256,0,0
1257,0,0
1258,0,0
1259,0,0
1260,0,0
1261,0,0
1262,0,0
1263,0,0
1264,0,0
1265,0,0
1266,0,0
1267,0,0
1268,0,0
1269,0,0
1270,0,0
1271,0,0
1272,0,0
1273,0,0
1274,0,0
1275,0,0
1276,0,0
1277,0.0014,0
1278,0.0083,0.0041
1279,0.0207,0.0193
1280,0.0386,0.0386
1281,0.0607,0.0524
1282,0.0841,0.0566
1283,0.1062,0.1324
1284,0.1283,0.1172
1285,0.1503,0.1628
1286,0.171,0.1297
1287,0.1917,0.1172
1288,0.2097,0.1517
1289,0.2262,0.1834
1290,0.2414,0.2207
1291,0.2579,0.3503
1292,0.2731,0.3641
1293,0.2883,0.349
1294,0.3021,0.4331
1295,0.3159,0.4303
1296,0.3283,0.3903
1297,0.3366,0.2731
1298,0.3379,0.2703
1299,0.3338,0.2648
1300,0.3269,0.2621
1301,0.3145,0.2538
1302,0.2993,0.3076
1303,0.2828,0.2648
1304,0.2772,0.24
1305,0.2607,0.229
1306,0.2441,0.229
1307,0.2262,0.2097
1308,0.2097,0.1545
1309,0.1945,0.1228
1310,0.1793,0.1145
1311,0.1655,0.1103
1312,0.1531,0.0966
1313,0.1393,0.0786
1314,0.1269,0.0634
1315,0.1145,0.0524
1316,0.1021,0.0497
1317,0.0897,0.0441
1318,0.0772,0.051
1319,0.0662,0.0414
1320,0.0538,0.0441
1321,0.0428,0.0152
1322,0.0317,0.0166
1323,0.0221,0.0124
1324,0.0152,0.0028
1325,0.0083,0.0028
1326,0.0041,0.0055
1327,0.0014,0.0014
1328,0,0
1329,0,0
1330,0,0
1331,0,0
1332,0,0
1333,0,0
1334,0,0
1335,0,0
1336,0,0
1337,0,0
1338,0,0
1339,0,0
1340,0,0
1341,0,0
1342,0,0
1343,0,0
1344,0,0
1345,0,0
1346,0,0
1347,0,0
1348,0,0
1349,0,0
1350,0,0
1351,0,0
1352,0,0
1353,0,0
1354,0,0
1355,0,0
1356,0,0
1357,0,0
1358,0,0
1359,0,0
1360,0,0
1361,0,0
1362,0,0
1363,0,0
1364,0,0
1365,0,0
1366,0,0
1367,0,0
1368,0,0
1369,0,0
1370,0,0
1371,0,0
1372,0,0
1373,0.0014,0
1374,0.0083,0.0069
1375,0.0221,0.0152
1376,0.0359,0.029
1377,0.0593,0.0455
1378,0.0828,0.0593
1379,0.1062,0.0634
1380,0.1297,0.1007
1381,0.1531,0.1338
1382,0.1766,0.1752
1383,0.2014,0.211
1384,0.2221,0.2345
1385,0.2414,0.2538
1386,0.2607,0.2759
1387,0.2814,0.3076
1388,0.2993,0.3338
1389,0.3172,0.3214
1390,0.3324,0.389
1391,0.3476,0.3917
1392,0.3628,0.3793
1393,0.3752,0.4166
1394,0.3848,0.3903
1395,0.3917,0.5228
1396,0.3972,0.4276
1397,0.3972,0.4276
1398,0.3972,0.5034
1399,0.3945,0.3352
1400,0.3834,0.3766
1401,0.3793,0.28
1402,0.371,0.4952
1403,0.3628,0.2345
1404,0.3517,0.0497
1405,0.3393,0.0634
1406,0.3269,0.0441
1407,0.3159,0.1393
1408,0.3048,0.0193
1409,0.291,0.0262
1410,0.2772,0.0166
1411,0.2607,0.0193
1412,0.2428,0.2648
1413,0.2234,0.2455
1414,0.2014,0.2207
1415,0.1752,0.1972
1416,0.1476,0.1614
1417,0.1214,0.131
1418,0.0938,0.1007
1419,0.0648,0.0648
1420,0.0386,0.0372
1421,0.0193,0.0193
1422,0.0083,0.0083
1423,0.0014,0.0014
1424,0,0
1425,0,0
1426,0,0
1427,0,0
1428,0,0
1429,0,0
1430,0,0
1431,0,0
1432,0,0
1433,0,0
1434,0,0
1435,0,0
1436,0,0
1437,0,0
1438,0,0
1439,0,0
1440,0,0
1441,0,0
1442,0,0
1443,0,0
1444,0,0
1445,0,0
1446,0,0
1447,0,0
1448,0,0
1449,0,0
1450,0,0
1451,0,0
1452,0,0
1453,0,0
1454,0,0
1455,0,0
1456,0,0
1457,0,0
1458,0,0
1459,0,0
1460,0,0
1461,0,0
1462,0,0
1463,0,0
1464,0,0
1465,0,0
1466,0,0
1467,0,0
1468,0,0
1469,0.0014,0
1470,0.0069,0.011
1471,0.0193,0.0303
1472,0.0428,0.0579
1473,0.0662,0.0814
1474,0.091,0.1559
1475,0.1172,0.149
1476,0.1421,0.1503
1477,0.1669,0.1972
1478,0.189,0.1697
1479,0.211,0.2097
1480,0.2303,0.2179
1481,0.2497,0.3586
1482,0.2662,0.269
1483,0.2814,0.2372
1484,0.2938,0.2621
1485,0.3076,0.3393
1486,0.3186,0.3531
1487,0.3283,0.3986
1488,0.3352,0.4083
1489,0.3393,0.411
1490,0.3421,0.4179
1491,0.3421,0.4221
1492,0.3421,0.4041
1493,0.3407,0.3738
1494,0.3379,0.3586
1495,0.3352,0.3421
1496,0.349,0.3283
1497,0.3407,0.3034
1498,0.3297,0.3186
1499,0.3186,0.3117
1500,0.3062,0.2993
1501,0.2924,0.2124
1502,0.2814,0.2386
1503,0.2717,0.2524
1504,0.2621,0.2359
1505,0.2497,0.2
1506,0.2359,0.2014
1507,0.2207,0.2055
1508,0.2041,0.1366
1509,0.1862,0.16
1510,0.1655,0.1393
1511,0.1434,0.0855
1512,0.1241,0.0372
1513,0.1007,0.0814
1514,0.0772,0.0331
1515,0.0524,0.0152
1516,0.0303,0.0097
1517,0.0152,0.0055
1518,0.0055,0.0055
1519,0.0014,0
1520,0,0
1521,0,0
1522,0,0
1523,0,0
1524,0,0
1525,0,0
1526,0,0
1527,0,0
1528,0,0
1529,0,0
1530,0,0
1531,0,0
1532,0,0
1533,0,0
1534,0,0
1535,0,0
1536,0,0
1537,0,0
1538,0,0
1539,0,0
1540,0,0
1541,0,0
1542,0,0
1543,0,0
1544,0,0
1545,0,0
1546,0,0
1547,0,0
1548,0,0
1549,0,0
1550,0,0
1551,0,0
1552,0,0
1553,0,0
1554,0,0
1555,0,0
1556,0,0
1557,0,0
1558,0,0
1559,0,0
1560,0,0
1561,0,0
1562,0,0
1563,0,0
1564,0,0
1565,0.0014,0.0014
1566,0.0069,0.0069
1567,0.0179,0.0179
1568,0.0414,0.04
1569,0.0772,0.0759
1570,0.12,0.1117
1571,0.1545,0.1572
1572,0.1931,0.1917
1573,0.2276,0.229
1574,0.2607,0.2745
1575,0.2966,0.3186
1576,0.3324,0.4166
1577,0.3641,0.3931
1578,0.3945,0.4566
1579,0.4234,0.5021
1580,0.451,0.5021
1581,0.469,0.5145
1582,0.4869,0.5807
1583,0.5007,0.5572
1584,0.5117,0.6303
1585,0.5228,0.6579
1586,0.5297,0.6386
1587,0.5338,0.6841
1588,0.5352,0.5572
1589,0.5324,0.4938
1590,0.5241,0.2593
1591,0.5186,0.2979
1592,0.4662,0.2359
1593,0.4552,0.189
1594,0.4414,0.2703
1595,0.4221,0.2772
1596,0.4014,0.2469
1597,0.3821,0.4028
1598,0.3655,0.1807
1599,0.3462,0.3945
1600,0.3283,0.3545
1601,0.309,0.3393
1602,0.2883,0.3338
1603,0.2662,0.2993
1604,0.2428,0.2621
1605,0.2179,0.229
1606,0.1931,0.1931
1607,0.1655,0.171
1608,0.1366,0.1324
1609,0.1103,0.1103
1610,0.0828,0.0814
1611,0.0566,0.0552
1612,0.0331,0.0303
1613,0.0166,0.0152
1614,0.0055,0.0028
1615,0,0
1616,0,0
1617,0,0
1618,0,0
1619,0,0
1620,0,0
1621,0,0
1622,0,0
1623,0,0
1624,0,0
1625,0,0
1626,0,0
1627,0,0
1628,0,0
1629,0,0
1630,0,0
1631,0,0
1632,0,0
1633,0,0
1634,0,0
1635,0,0
1636,0,0
1637,0,0
1638,0,0
1639,0,0
1640,0,0
1641,0,0
1642,0,0
1643,0,0
1644,0,0
1645,0,0
1646,0,0
1647,0,0
1648,0,0
1649,0,0
1650,0,0
1651,0,0
1652,0,0
1653,0,0
1654,0,0
1655,0,0
1656,0,0
1657,0,0
1658,0,0
1659,0,0
1660,0,0
1661,0,0
1662,0.0041,0.0069
1663,0.0124,0.0179
1664,0.0262,0.0303
1665,0.0441,0.04
1666,0.0648,0.0814
1667,0.0855,0.1186
1668,0.1048,0.1724
1669,0.1255,0.1917
1670,0.1462,0.2648
1671,0.1655,0.3076
1672,0.1862,0.331
1673,0.2041,0.36
1674,0.2193,0.3034
1675,0.2331,0.3324
1676,0.2469,0.3407
1677,0.2593,0.3269
1678,0.269,0.3021
1679,0.2786,0.3117
1680,0.2883,0.3007
1681,0.2952,0.2786
1682,0.2993,0.2607
1683,0.3034,0.2607
1684,0.3048,0.2703
1685,0.3048,0.2621
1686,0.3034,0.2524
1687,0.3007,0.251
1688,0.2979,0.3572
1689,0.291,0.389
1690,0.2841,0.3366
1691,0.2759,0.4028
1692,0.2676,0.3338
1693,0.2566,0.0952
1694,0.2441,0.1062
1695,0.2345,0.2441
1696,0.2234,0.509
1697,0.2097,0.2207
1698,0.1959,0.2248
1699,0.1821,0.1972
1700,0.1669,0.189
1701,0.1517,0.1531
1702,0.1352,0.1393
1703,0.1186,0.0993
1704,0.1007,0.0855
1705,0.0814,0.069
1706,0.0607,0.0538
1707,0.04,0.0359
1708,0.0234,0.0193
1709,0.011,0.011
1710,0.0041,0.0041
1711,0,0
1712,0,0
1713,0,0
1714,0,0
1715,0,0
1716,0,0
1717,0,0
1718,0,0
1719,0,0
1720,0,0
1721,0,0
1722,0,0
1723,0,0
1724,0,0
1725,0,0
1726,0,0
1727,0,0
1728,0,0
1729,0,0
1730,0,0
1731,0,0
1732,0,0
1733,0,0
1734,0,0
1735,0,0
1736,0,0
1737,0,0
1738,0,0
1739,0,0
1740,0,0
1741,0,0
1742,0,0
1743,0,0
1744,0,0
1745,0,0
1746,0,0
1747,0,0
1748,0,0
1749,0,0
1750,0,0
1751,0,0
1752,0,0
1753,0,0
1754,0,0
1755,0,0
1756,0,0
1757,0,0
1758,0.0041,0.0138
1759,0.0138,0.0207
1760,0.0303,0.0345
1761,0.051,0.0469
1762,0.0759,0.0924
1763,0.0993,0.1476
1764,0.1228,0.1917
1765,0.1462,0.2014
1766,0.171,0.2414
1767,0.1959,0.2759
1768,0.2193,0.2648
1769,0.2386,0.3393
1770,0.2552,0.3407
1771,0.2731,0.331
1772,0.2731,0.3448
1773,0.2883,0.3241
1774,0.3021,0.3241
1775,0.3131,0.3586
1776,0.32,0.3434
1777,0.3338,0.3793
1778,0.3448,0.4055
1779,0.3531,0.4359
1780,0.36,0.429
1781,0.3628,0.4759
1782,0.3641,0.5048
1783,0.3655,0.5186
1784,0.4952,0.5076
1785,0.4883,0.4979
1786,0.4759,0.5076
1787,0.4593,0.4745
1788,0.4414,0.5903
1789,0.4221,0.5531
1790,0.3986,0.4952
1791,0.3766,0.3848
1792,0.3834,0.3903
1793,0.3559,0.3614
1794,0.3255,0.4441
1795,0.2952,0.2952
1796,0.2662,0.1862
1797,0.2372,0.1076
1798,0.2041,0.1586
1799,0.171,0.0621
1800,0.1407,0.0607
1801,0.1103,0.0538
1802,0.0786,0.0097
1803,0.051,0
1804,0.0276,0
1805,0.0124,0.0248
1806,0.0041,0.0083
1807,0,0
1808,0,0
1809,0,0
1810,0,0
1811,0,0
1812,0,0
1813,0,0
1814,0,0
1815,0,0
1816,0,0
1817,0,0
1818,0,0
1819,0,0
1820,0,0
1821,0,0
1822,0,0
1823,0,0
1824,0,0
1825,0,0
1826,0,0
1827,0,0
1828,0,0
1829,0,0
1830,0,0
1831,0,0
1832,0,0
1833,0,0
1834,0,0
1835,0,0
1836,0,0
1837,0,0
1838,0,0
1839,0,0
1840,0,0
1841,0,0
1842,0,0
1843,0,0
1844,0,0
1845,0,0
1846,0,0
1847,0,0
1848,0,0
1849,0,0
1850,0,0
1851,0,0
1852,0,0
1853,0,0
1854,0.0041,0.0041
1855,0.0138,0.0124
1856,0.0359,0.0331
1857,0.0676,0.0593
1858,0.1007,0.091
1859,0.1324,0.1145
1860,0.1669,0.1572
1861,0.2,0.2
1862,0.229,0.2717
1863,0.2524,0.3269
1864,0.2731,0.2897
1865,0.2966,0.3462
1866,0.3172,0.3917
1867,0.3352,0.3876
1868,0.3517,0.4524
1869,0.3669,0.4579
1870,0.3807,0.549
1871,0.3903,0.5214
1872,0.3986,0.5697
1873,0.4069,0.549
1874,0.4097,0.6166
1875,0.4083,0.5048
1876,0.4028,0.411
1877,0.3945,0.48
1878,0.3834,0.5283
1879,0.3724,0.509
1880,0.3834,0.4924
1881,0.3683,0.4897
1882,0.3517,0.5103
1883,0.3352,0.451
1884,0.3172,0.2662
1885,0.2979,0.1628
1886,0.2814,0.1724
1887,0.2662,0.3117
1888,0.2497,0.2924
1889,0.2331,0.2607
1890,0.2138,0.2372
1891,0.1945,0.2248
1892,0.1752,0.1931
1893,0.1545,0.1862
1894,0.1338,0.1559
1895,0.1131,0.1393
1896,0.0924,0.109
1897,0.0717,0.08
1898,0.051,0.0579
1899,0.0317,0.0345
1900,0.0179,0.0193
1901,0.0083,0.0083
1902,0.0014,0.0014
1903,0,0
1904,0,0
1905,0,0
1906,0,0
1907,0,0
1908,0,0
1909,0,0
1910,0,0
1911,0,0
1912,0,0
1913,0,0
1914,0,0
1915,0,0
1916,0,0
1917,0,0
1918,0,0
1919,0,0
1920,0,0
1921,0,0
1922,0,0
1923,0,0
1924,0,0
1925,0,0
1926,0,0
1927,0,0
1928,0,0
1929,0,0
1930,0,0
1931,0,0
1932,0,0
1933,0,0
1934,0,0
1935,0,0
1936,0,0
1937,0,0
1938,0,0
1939,0,0
1940,0,0
1941,0,0
1942,0,0
1943,0,0
1944,0,0
1945,0,0
1946,0,0
1947,0,0
1948,0,0
1949,0,0
1950,0.0055,0
1951,0.0193,0.0303
1952,0.0455,0.08
1953,0.0814,0.0538
1954,0.1172,0.0869
1955,0.1517,0.1697
1956,0.1876,0.1697
1957,0.2221,0.2414
1958,0.2566,0.2193
1959,0.291,0.1821
1960,0.3255,0.1641
1961,0.3586,0.2234
1962,0.3917,0.3641
1963,0.4207,0.3807
1964,0.4497,0.4124
1965,0.4745,0.4552
1966,0.4952,0.4828
1967,0.5145,0.509
1968,0.5297,0.5283
1969,0.5421,0.5366
1970,0.5517,0.5434
1971,0.5572,0.5269
1972,0.5614,0.549
1973,0.5614,0.5559
1974,0.56,0.5545
1975,0.5559,0.5559
1976,0.5448,0.5462
1977,0.5352,0.5448
1978,0.5241,0.5614
1979,0.5103,0.5517
1980,0.4924,0.611
1981,0.4731,0.5269
1982,0.4524,0.5076
1983,0.429,0.5779
1984,0.4083,0.4993
1985,0.3807,0.3834
1986,0.349,0.331
1987,0.3145,0.1862
1988,0.2828,0.2179
1989,0.2483,0.1903
1990,0.2152,0.1366
1991,0.1793,0.1407
1992,0.1448,0.1021
1993,0.1131,0.0414
1994,0.08,0.0124
1995,0.0483,0.0014
1996,0.0248,0
1997,0.0097,0.0083
1998,0.0028,0.0014
1999,0,0
2000,0,0
2001,0,0
2002,0,0
2003,0,0
2004,0,0
2005,0,0
2006,0,0
2007,0,0
2008,0,0
2009,0,0
2010,0,0
2011,0,0
2012,0,0
2013,0,0
2014,0,0
2015,0,0
2016,0,0
2017,0,0
2018,0,0
2019,0,0
2020,0,0
2021,0,0
2022,0,0
2023,0,0
2024,0,0
2025,0,0
2026,0,0
2027,0,0
2028,0,0
2029,0,0
2030,0,0
2031,0,0
2032,0,0
2033,0,0
2034,0,0
2035,0,0
2036,0,0
2037,0,0
2038,0,0
2039,0,0
2040,0,0
2041,0,0
2042,0,0
2043,0,0
2044,0,0
2045,0,0
2046,0.0028,0.0028
2047,0.011,0.0097
2048,0.0262,0.0276
2049,0.0441,0.0469
2050,0.0662,0.0621
2051,0.0883,0.0841
2052,0.1103,0.1586
2053,0.131,0.1876
2054,0.1503,0.2497
2055,0.1669,0.1903
2056,0.1821,0.211
2057,0.1986,0.2097
2058,0.2138,0.2014
2059,0.2262,0.2234
2060,0.2372,0.3628
2061,0.2455,0.3517
2062,0.2538,0.2262
2063,0.2621,0.2759
2064,0.269,0.291
2065,0.2745,0.3807
2066,0.2786,0.3793
2067,0.2828,0.3834
2068,0.2869,0.3586
2069,0.291,0.4759
2070,0.2938,0.4828
2071,0.2952,0.4676
2072,0.3848,0.5117
2073,0.3834,0.4538
2074,0.3793,0.3324
2075,0.3738,0.3131
2076,0.3655,0.2952
2077,0.3559,0.3048
2078,0.3421,0.3034
2079,0.3269,0.2828
2080,0.3103,0.2703
2081,0.2938,0.2524
2082,0.2745,0.2455
2083,0.2524,0.2234
2084,0.2303,0.2166
2085,0.2055,0.1931
2086,0.1779,0.1572
2087,0.1503,0.1269
2088,0.1228,0.1034
2089,0.0952,0.1034
2090,0.0676,0.0662
2091,0.04,0.0428
2092,0.0193,0.029
2093,0.0083,0.0097
2094,0.0014,0.0014
2095,0,0
2096,0,0
2097,0,0
2098,0,0
2099,0,0
2100,0,0
2101,0,0
2102,0,0
2103,0,0
2104,0,0
2105,0,0
2106,0,0
2107,0,0
2108,0,0
2109,0,0
2110,0,0
2111,0,0
2112,0,0
2113,0,0
2114,0,0
2115,0,0
2116,0,0
2117,0,0
2118,0,0
2119,0,0
2120,0,0
2121,0,0
2122,0,0
2123,0,0
2124,0,0
2125,0,0
2126,0,0
2127,0,0
2128,0,0
2129,0,0
2130,0,0
2131,0,0
2132,0,0
2133,0,0
2134,0,0
2135,0,0
2136,0,0
2137,0,0
2138,0,0
2139,0,0
2140,0,0
2141,0,0
2142,0.0028,0
2143,0.0097,0.0207
2144,0.0276,0.0372
2145,0.0524,0.0414
2146,0.0814,0.0883
2147,0.1131,0.1503
2148,0.1476,0.1462
2149,0.1779,0.1503
2150,0.2097,0.1959
2151,0.24,0.2234
2152,0.269,0.2552
2153,0.2979,0.2924
2154,0.3297,0.3241
2155,0.3614,0.3503
2156,0.3917,0.3683
2157,0.4234,0.3972
2158,0.4552,0.4262
2159,0.4869,0.4552
2160,0.5145,0.4662
2161,0.5393,0.5076
2162,0.5572,0.5366
2163,0.5697,0.5421
2164,0.5793,0.6
2165,0.5862,0.6166
2166,0.5876,0.6621
2167,0.5876,0.6428
2168,0.5848,0.6579
2169,0.5793,0.5931
2170,0.571,0.6841
2171,0.5614,0.6703
2172,0.5462,0.6372
2173,0.5297,0.5986
2174,0.509,0.5669
2175,0.4841,0.4634
2176,0.4538,0.5503
2177,0.4234,0.3986
2178,0.3917,0.3324
2179,0.3545,0.189
2180,0.3159,0.1034
2181,0.2759,0.2014
2182,0.2386,0.1283
2183,0.2014,0.1255
2184,0.1586,0.0455
2185,0.1186,0.0221
2186,0.0814,0.011
2187,0.0455,0.0359
2188,0.0207,0.0166
2189,0.0069,0.0069
2190,0.0014,0.0014
2191,0,0
2192,0,0
2193,0,0
2194,0,0
2195,0,0
2196,0,0
2197,0,0
2198,0,0
2199,0,0
2200,0,0
2201,0,0
2202,0,0
2203,0,0
2204,0,0
2205,0,0
2206,0,0
2207,0,0
2208,0,0
2209,0,0
2210,0,0
2211,0,0
2212,0,0
2213,0,0
2214,0,0
2215,0,0
2216,0,0
2217,0,0
2218,0,0
2219,0,0
2220,0,0
2221,0,0
2222,0,0
2223,0,0
2224,0,0
2225,0,0
2226,0,0
2227,0,0
2228,0,0
2229,0,0
2230,0,0
2231,0,0
2232,0,0
2233,0,0
2234,0,0
2235,0,0
2236,0,0
2237,0,0
2238,0.0028,0
2239,0.0138,0.0083
2240,0.0331,0.0207
2241,0.0662,0.0386
2242,0.1048,0.0634
2243,0.1393,0.0993
2244,0.1752,0.1393
2245,0.211,0.1379
2246,0.2428,0.1779
2247,0.2772,0.1628
2248,0.3117,0.2138
2249,0.3476,0.2938
2250,0.3848,0.3283
2251,0.4166,0.4152
2252,0.3972,0.3655
2253,0.429,0.5531
2254,0.4579,0.4731
2255,0.4841,0.4662
2256,0.5103,0.5434
2257,0.5352,0.5159
2258,0.5572,0.5007
2259,0.5669,0.5048
2260,0.5752,0.4828
2261,0.5821,0.5048
2262,0.5876,0.6207
2263,0.5848,0.6124
2264,0.611,0.5903
2265,0.6069,0.5986
2266,0.6014,0.5876
2267,0.5903,0.5697
2268,0.5766,0.549
2269,0.5559,0.5297
2270,0.531,0.5034
2271,0.5048,0.4745
2272,0.4538,0.4469
2273,0.4207,0.4097
2274,0.3862,0.3752
2275,0.349,0.3352
2276,0.309,0.2938
2277,0.2676,0.2593
2278,0.2303,0.2276
2279,0.189,0.1986
2280,0.1434,0.1255
2281,0.1034,0.0883
2282,0.069,0.0566
2283,0.04,0.0386
2284,0.0193,0.0124
2285,0.0069,0.0014
2286,0,0
2287,0,0
2288,0,0
2289,0,0
2290,0,0
2291,0,0
2292,0,0
2293,0,0
2294,0,0
2295,0,0
2296,0,0
2297,0,0
2298,0,0
2299,0,0
2300,0,0
2301,0,0
2302,0,0
2303,0,0
2304,0,0
2305,0,0
2306,0,0
2307,0,0
2308,0,0
2309,0,0
2310,0,0
2311,0,0
2312,0,0
2313,0,0
2314,0,0
2315,0,0
2316,0,0
2317,0,0
2318,0,0
2319,0,0
2320,0,0
2321,0,0
2322,0,0
2323,0,0
2324,0,0
2325,0,0
2326,0,0
2327,0,0
2328,0,0
2329,0,0
2330,0,0
2331,0,0
2332,0,0
2333,0,0
2334,0.0028,0
2335,0.0138,0.0248
2336,0.0386,0.0441
2337,0.0717,0.0593
2338,0.1034,0.08
2339,0.1379,0.1062
2340,0.1738,0.1393
2341,0.2097,0.1724
2342,0.2455,0.2138
2343,0.28,0.2428
2344,0.3131,0.2759
2345,0.349,0.3145
2346,0.3821,0.349
2347,0.4138,0.3766
2348,0.4469,0.411
2349,0.4731,0.4372
2350,0.4952,0.4717
2351,0.5145,0.5007
2352,0.531,0.5503
2353,0.5421,0.5917
2354,0.5503,0.5724
2355,0.5545,0.5986
2356,0.5559,0.5821
2357,0.5545,0.6676
2358,0.5503,0.6469
2359,0.5434,0.6317
2360,0.5738,0.5931
2361,0.5641,0.6414
2362,0.5517,0.5697
2363,0.5352,0.5641
2364,0.5172,0.5986
2365,0.4966,0.5393
2366,0.4703,0.3931
2367,0.4441,0.3931
2368,0.4166,0.3407
2369,0.3876,0.36
2370,0.3559,0.2966
2371,0.3214,0.229
2372,0.2841,0.1628
2373,0.2483,0.1214
2374,0.2152,0.1724
2375,0.1752,0.1297
2376,0.1366,0.1048
2377,0.1021,0.0759
2378,0.0676,0.0455
2379,0.0359,0.0221
2380,0.0166,0.0097
2381,0.0055,0.0028
2382,0,0
2383,0,0
2384,0,0
2385,0,0
2386,0,0
2387,0,0
2388,0,0
2389,0,0
2390,0,0
2391,0,0
2392,0,0
2393,0,0
2394,0,0
2395,0,0
2396,0,0
2397,0,0
2398,0,0
2399,0,0
2400,0,0
2401,0,0
2402,0,0
2403,0,0
2404,0,0
2405,0,0
2406,0,0
2407,0,0
2408,0,0
2409,0,0
2410,0,0
2411,0,0
2412,0,0
2413,0,0
2414,0,0
2415,0,0
2416,0,0
2417,0,0
2418,0,0
2419,0,0
2420,0,0
2421,0,0
2422,0,0
2423,0,0
2424,0,0
2425,0,0
2426,0,0
2427,0,0
2428,0,0
2429,0,0
2430,0.0014,0
2431,0.0083,0.0028
2432,0.0234,0.011
2433,0.0469,0.0248
2434,0.0731,0.0331
2435,0.1021,0.0552
2436,0.1324,0.0634
2437,0.1628,0.0759
2438,0.1945,0.1545
2439,0.2262,0.0897
2440,0.2566,0.1269
2441,0.2883,0.1131
2442,0.3186,0.2179
2443,0.3462,0.3145
2444,0.371,0.2731
2445,0.3945,0.4041
2446,0.4166,0.4483
2447,0.4359,0.4703
2448,0.4538,0.4772
2449,0.4703,0.4841
2450,0.4814,0.5186
2451,0.4869,0.5407
2452,0.4897,0.509
2453,0.491,0.56
2454,0.4897,0.5614
2455,0.4855,0.5448
2456,0.5448,0.5462
2457,0.5338,0.5228
2458,0.52,0.4924
2459,0.5048,0.4883
2460,0.4869,0.4455
2461,0.4662,0.4221
2462,0.4428,0.4083
2463,0.4179,0.3724
2464,0.3903,0.3379
2465,0.3614,0.349
2466,0.3297,0.3324
2467,0.2952,0.2634
2468,0.2579,0.2317
2469,0.2221,0.2055
2470,0.1848,0.189
2471,0.1503,0.1145
2472,0.1145,0.0579
2473,0.0814,0.0303
2474,0.0524,0.0386
2475,0.0276,0.0221
2476,0.0124,0.0124
2477,0.0028,0
2478,0,0
2479,0,0
2480,0,0
2481,0,0
2482,0,0
2483,0,0
2484,0,0
2485,0,0
2486,0,0
2487,0,0
2488,0,0
2489,0,0
2490,0,0
2491,0,0
2492,0,0
2493,0,0
2494,0,0
2495,0,0
2496,0,0
2497,0,0
2498,0,0
2499,0,0
2500,0,0
2501,0,0
2502,0,0
2503,0,0
2504,0,0
2505,0,0
2506,0,0
2507,0,0
2508,0,0
2509,0,0
2510,0,0
2511,0,0
2512,0,0
2513,0,0
2514,0,0
2515,0,0
2516,0,0
2517,0,0
2518,0,0
2519,0,0
2520,0,0
2521,0,0
2522,0,0
2523,0,0
2524,0,0
2525,0,0
2526,0.0014,0.0014
2527,0.0069,0.0069
2528,0.0179,0.0166
2529,0.0372,0.0345
2530,0.0607,0.0497
2531,0.0897,0.0745
2532,0.1214,0.1076
2533,0.1517,0.1269
2534,0.1821,0.1572
2535,0.2124,0.1834
2536,0.2441,0.2152
2537,0.2759,0.2455
2538,0.3048,0.2841
2539,0.3352,0.2345
2540,0.3655,0.2662
2541,0.3917,0.2828
2542,0.4138,0.2248
2543,0.4331,0.2372
2544,0.4524,0.2303
2545,0.4676,0.2814
2546,0.4772,0.4014
2547,0.4828,0.4207
2548,0.4855,0.3476
2549,0.4841,0.3503
2550,0.4814,0.4138
2551,0.4772,0.4897
2552,0.4524,0.3628
2553,0.4441,0.4648
2554,0.4345,0.349
2555,0.4221,0.331
2556,0.4083,0.4317
2557,0.3917,0.2883
2558,0.3738,0.3834
2559,0.3545,0.2359
2560,0.3324,0.2828
2561,0.3062,0.2359
2562,0.2786,0.2331
2563,0.251,0.2055
2564,0.2207,0.1669
2565,0.189,0.1269
2566,0.1586,0.0966
2567,0.1283,0.0717
2568,0.0966,0.0607
2569,0.0703,0.0428
2570,0.0441,0.0276
2571,0.0221,0.0152
2572,0.0097,0.0069
2573,0.0028,0.0014
2574,0,0
2575,0,0
2576,0,0
2577,0,0
2578,0,0
2579,0,0
2580,0,0
2581,0,0
2582,0,0
2583,0,0
2584,0,0
2585,0,0
2586,0,0
2587,0,0
2588,0,0
2589,0,0
2590,0,0
2591,0,0
2592,0,0
2593,0,0
2594,0,0
2595,0,0
2596,0,0
2597,0,0
2598,0,0
2599,0,0
2600,0,0
2601,0,0
2602,0,0
2603,0,0
2604,0,0
2605,0,0
2606,0,0
2607,0,0
2608,0,0
2609,0,0
2610,0,0
2611,0,0
2612,0,0
2613,0,0
2614,0,0
2615,0,0
2616,0,0
2617,0,0
2618,0,0
2619,0,0
2620,0,0
2621,0,0
2622,0,0
2623,0.0014,0
2624,0.0055,0.0041
2625,0.011,0.0166
2626,0.0179,0.0221
2627,0.0262,0.0359
2628,0.0359,0.1131
2629,0.0469,0.1241
2630,0.0593,0.1807
2631,0.0745,0.0814
2632,0.0897,0.1434
2633,0.1076,0.1462
2634,0.1241,0.1503
2635,0.1421,0.1669
2636,0.1614,0.1862
2637,0.1779,0.1931
2638,0.1945,0.2069
2639,0.211,0.2386
2640,0.2276,0.2607
2641,0.2414,0.3076
2642,0.2524,0.3269
2643,0.2579,0.36
2644,0.2593,0.3821
2645,0.2607,0.349
2646,0.2593,0.3559
2647,0.2579,0.349
2648,0.3531,0.32
2649,0.349,0.3117
2650,0.3434,0.2607
2651,0.3366,0.3048
2652,0.3283,0.2772
2653,0.3186,0.171
2654,0.3048,0.1034
2655,0.2855,0.091
2656,0.2648,0.1048
2657,0.2441,0.2414
2658,0.2221,0.1407
2659,0.2,0.1034
2660,0.1766,0.1131
2661,0.1517,0.1586
2662,0.1241,0.1531
2663,0.1007,0.069
2664,0.0772,0.0331
2665,0.0538,0.0276
2666,0.0331,0
2667,0.0166,0.0083
2668,0.0069,0.0014
2669,0.0014,0
2670,0,0
2671,0,0
2672,0,0
2673,0,0
2674,0,0
2675,0,0
2676,0,0
2677,0,0
2678,0,0
2679,0,0
2680,0,0
2681,0,0
2682,0,0
2683,0,0
2684,0,0
2685,0,0
2686,0,0
2687,0,0
2688,0,0
2689,0,0
2690,0,0
2691,0,0
2692,0,0
2693,0,0
2694,0,0
2695,0,0
2696,0,0
2697,0,0
2698,0,0
2699,0,0
2700,0,0
2701,0,0
2702,0,0
2703,0,0
2704,0,0
2705,0,0
2706,0,0
2707,0,0
2708,0,0
2709,0,0
2710,0,0
2711,0,0
2712,0,0
2713,0,0
2714,0,0
2715,0,0
2716,0,0
2717,0,0
2718,0,0
2719,0.0041,0.0028
2720,0.0097,0.0083
2721,0.0207,0.0234
2722,0.0331,0.0455
2723,0.0483,0.0703
2724,0.0662,0.0952
2725,0.0841,0.1448
2726,0.1007,0.2566
2727,0.12,0.2097
2728,0.1407,0.2124
2729,0.16,0.2097
2730,0.1793,0.2883
2731,0.1972,0.229
2732,0.2152,0.2221
2733,0.2317,0.2952
2734,0.2469,0.4069
2735,0.2621,0.4579
2736,0.2772,0.4552
2737,0.2924,0.211
2738,0.3007,0.3752
2739,0.3034,0.3614
2740,0.3048,0.4248
2741,0.3048,0.2483
2742,0.3034,0.0828
2743,0.3007,0.1269
2744,0.4055,0.1379
2745,0.3903,0.2483
2746,0.3738,0.2648
2747,0.3559,0.1434
2748,0.3366,0.3338
2749,0.3172,0.3228
2750,0.2952,0.2828
2751,0.2731,0.2372
2752,0.2524,0.2041
2753,0.2276,0.1793
2754,0.2014,0.1407
2755,0.1752,0.1228
2756,0.1517,0.1007
2757,0.1283,0.0828
2758,0.1048,0.0676
2759,0.0828,0.0524
2760,0.0621,0.0386
2761,0.0414,0.0248
2762,0.0234,0.0179
2763,0.0124,0.0028
2764,0.0041,0.0014
2765,0,0
2766,0,0
2767,0,0
2768,0,0
2769,0,0
2770,0,0
2771,0,0
2772,0,0
2773,0,0
2774,0,0
2775,0,0
2776,0,0
2777,0,0
2778,0,0
2779,0,0
2780,0,0
2781,0,0
2782,0,0
2783,0,0
2784,0,0
2785,0,0
2786,0,0
2787,0,0
2788,0,0
2789,0,0
2790,0,0
2791,0,0
2792,0,0
2793,0,0
2794,0,0
2795,0,0
2796,0,0
2797,0,0
2798,0,0
2799,0,0
2800,0,0
2801,0,0
2802,0,0
2803,0,0
2804,0,0
2805,0,0
2806,0,0
2807,0,0
2808,0,0
2809,0,0
2810,0,0
2811,0,0
2812,0,0
2813,0,0
2814,0,0
2815,0.0014,0
2816,0.0028,0.0028
2817,0.0069,0.0593
2818,0.011,0.1131
2819,0.0152,0.1503
2820,0.0221,0.1876
2821,0.0276,0.1393
2822,0.0345,0.1586
2823,0.04,0.0441
2824,0.0455,0.0469
2825,0.051,0.0497
2826,0.0566,0.0538
2827,0.0621,0.0607
2828,0.0662,0.069
2829,0.0703,0.08
2830,0.0745,0.0869
2831,0.0772,0.0966
2832,0.08,0.0966
2833,0.0814,0.1007
2834,0.0855,0.1007
2835,0.091,0.1048
2836,0.0966,0.1103
2837,0.1021,0.1131
2838,0.1076,0.0924
2839,0.1117,0.1048
2840,0.1324,0.1448
2841,0.1434,0.1683
2842,0.1545,0.2055
2843,0.1628,0.1917
2844,0.171,0.189
2845,0.1779,0.2055
2846,0.1807,0.2317
2847,0.1752,0.2455
2848,0.1683,0.2497
2849,0.16,0.1779
2850,0.149,0.1131
2851,0.1379,0.2786
2852,0.1241,0.1821
2853,0.1076,0.0221
2854,0.0897,0.0234
2855,0.0717,0.0993
2856,0.0566,0
2857,0.04,0
2858,0.0248,0
2859,0.0124,0
2860,0.0041,0.0055
2861,0,0
2862,0,0
2863,0,0
2864,0,0
2865,0,0
2866,0,0
2867,0,0
2868,0,0
2869,0,0
2870,0,0
2871,0,0
2872,0,0
2873,0,0
2874,0,0
2875,0,0
2876,0,0
2877,0,0
2878,0,0
2879,0,0
