0,0.0356,0.0392
1,0.0352,0.0358
2,0.0347,0.0352
3,0.0344,0.0344
4,0.0341,0.0381
5,0.034,0.0311
6,0.034,0.0296
7,0.034,0.0293
8,0.0339,0.0313
9,0.0338,0.0298
10,0.0337,0.0317
11,0.0337,0.0309
12,0.033,0.0214
13,0.0316,0.0164
14,0.0302,0.0172
15,0.0289,0.0164
16,0.0278,0.0169
17,0.027,0.0154
18,0.0261,0.0201
19,0.0253,0.0198
20,0.0248,0.0203
21,0.0244,0.0176
22,0.0241,0.0177
23,0.0237,0.0191
24,0.0178,0.0206
25,0.0169,0.0194
26,0.0161,0.0195
27,0.0152,0.0188
28,0.0147,0.018
29,0.0145,0.0176
30,0.0143,0.0194
31,0.014,0.019
32,0.0136,0.0174
33,0.0131,0.0165
34,0.0126,0.0158
35,0.0121,0.0158
36,0.0114,0.0146
37,0.0105,0.0119
38,0.0098,0.012
39,0.009,0.0107
40,0.0085,0.0095
41,0.0081,0.0088
42,0.0078,0.0093
43,0.0076,0.0092
44,0.0078,0.0112
45,0.0078,0.0106
46,0.0078,0.01
47,0.0077,0.0099
48,0.0076,0.0097
49,0.0076,0.0097
50,0.0075,0.0105
51,0.0075,0.0095
52,0.0075,0.0097
53,0.0076,0.0107
54,0.0078,0.0242
55,0.008,0.0188
56,0.0081,0.0117
57,0.0085,0.0119
58,0.0089,0.0118
59,0.0092,0.0113
60,0.0097,0.0263
61,0.0105,0.0575
62,0.0111,0.0493
63,0.0119,0.0187
64,0.0314,0.0167
65,0.03,0.0166
66,0.0287,0.016
67,0.0273,0.0166
68,0.0265,0.0196
69,0.0263,0.0186
70,0.0261,0.016
71,0.026,0.0157
72,0.0256,0.016
73,0.0251,0.0165
74,0.0246,0.016
75,0.0241,0.0239
76,0.0269,0.0148
77,0.033,0.0142
78,0.039,0.0148
79,0.045,0.0152
80,0.0473,0.0148
81,0.0458,0.0154
82,0.0443,0.0285
83,0.0428,0.051
84,0.0211,0.0373
85,0.0234,0.0348
86,0.0256,0.0278
87,0.028,0.0241
88,0.0288,0.0169
89,0.0282,0.0205
90,0.0277,0.0274
91,0.0271,0.0331
92,0.0264,0.0225
93,0.0256,0.0247
94,0.0249,0.0217
95,0.0241,0.0164
96,0.0239,0.0257
97,0.0241,0.0193
98,0.0244,0.0198
99,0.0247,0.0193
100,0.0247,0.024
101,0.0244,0.0272
102,0.0241,0.0276
103,0.0237,0.0313
104,0.0239,0.0262
105,0.0244,0.024
106,0.025,0.0248
107,0.0256,0.0247
108,0.0258,0.0181
109,0.0256,0.0132
110,0.0253,0.0176
111,0.0251,0.0462
112,0.0248,0.0345
113,0.0242,0.0281
114,0.0238,0.0162
115,0.0234,0.0157
116,0.023,0.016
117,0.0227,0.0141
118,0.0224,0.0138
119,0.0222,0.0135
120,0.0187,0.0157
121,0.0192,0.0165
122,0.0197,0.0178
123,0.0202,0.0222
124,0.0202,0.0188
125,0.0196,0.0227
126,0.0191,0.0385
127,0.0184,0.0275
128,0.0177,0.0208
129,0.0167,0.0137
130,0.0157,0.0147
131,0.0148,0.0152
132,0.0143,0.0135
133,0.0143,0.0118
134,0.0143,0.0131
135,0.0143,0.0113
136,0.0139,0.0108
137,0.0131,0.0097
138,0.0123,0.0097
139,0.0115,0.0094
140,0.0113,0.0105
141,0.0111,0.0119
142,0.0109,0.0117
143,0.0108,0.0116
144,0.0106,0.0122
145,0.0104,0.0121
146,0.0103,0.0119
147,0.0102,0.0147
148,0.01,0.0193
149,0.0101,0.0121
150,0.0101,0.0147
151,0.0101,0.0194
152,0.0116,0.0262
153,0.0145,0.0409
154,0.0173,0.0505
155,0.0202,0.0479
156,0.0231,0.0305
157,0.0261,0.026
158,0.0292,0.0179
159,0.0322,0.0237
160,0.0345,0.0242
161,0.0365,0.0316
162,0.0385,0.0421
163,0.0406,0.0421
164,0.0417,0.0426
165,0.0419,0.0456
166,0.0421,0.0453
167,0.0422,0.0456
168,0.0414,0.046
169,0.0395,0.0643
170,0.0375,0.0607
171,0.0356,0.0794
172,0.0354,0.069
173,0.0371,0.0398
174,0.0386,0.0484
175,0.0403,0.0545
176,0.0397,0.062
177,0.0371,0.0419
178,0.0345,0.0265
179,0.0318,0.0202
180,0.0452,0.012
181,0.0422,0.0167
182,0.0393,0.0147
183,0.0363,0.0176
184,0.0337,0.0205
185,0.0313,0.0139
186,0.029,0.014
187,0.0266,0.0136
188,0.0244,0.0104
189,0.0224,0.0102
190,0.0203,0.0148
191,0.0182,0.0085
192,0.0165,0.0082
193,0.0151,0.0078
194,0.0137,0.0075
195,0.0123,0.0072
196,0.0111,0.0069
197,0.0103,0.0066
198,0.0094,0.0064
199,0.0086,0.0062
200,0.0079,0.0061
201,0.0075,0.006
202,0.0069,0.0059
203,0.0064,0.0057
204,0.0061,0.0057
205,0.006,0.0056
206,0.0059,0.0056
207,0.0057,0.0055
208,0.0057,0.0055
209,0.0059,0.0055
210,0.0062,0.0054
211,0.0064,0.0056
212,0.0065,0.0054
213,0.0065,0.0055
214,0.0066,0.0055
215,0.0066,0.0056
216,0.0094,0.0072
217,0.0104,0.0075
218,0.0114,0.0071
219,0.0124,0.007
220,0.0136,0.0069
221,0.0151,0.0107
222,0.0165,0.0137
223,0.018,0.0146
224,0.019,0.0164
225,0.0198,0.0164
226,0.0205,0.0185
227,0.0212,0.0191
228,0.021,0.0163
229,0.0199,0.0129
230,0.0188,0.0102
231,0.0177,0.0078
232,0.0176,0.0075
233,0.0183,0.0071
234,0.0191,0.0073
235,0.0198,0.008
236,0.01,0.0099
237,0.0115,0.0153
238,0.0129,0.0208
239,0.0145,0.0344
240,0.0157,0.0316
241,0.0165,0.0333
242,0.0174,0.0412
243,0.0182,0.0561
244,0.0189,0.0656
245,0.0196,0.0705
246,0.0203,0.0631
247,0.0209,0.0607
248,0.0211,0.0568
249,0.0208,0.054
250,0.0206,0.0575
251,0.0204,0.0586
252,0.0201,0.0653
253,0.0198,0.0626
254,0.0194,0.0628
255,0.0191,0.0688
256,0.0498,0.0637
257,0.0471,0.068
258,0.0445,0.0654
259,0.0419,0.0532
260,0.0397,0.0397
261,0.0379,0.045
262,0.0361,0.0494
263,0.0344,0.0491
264,0.0332,0.0618
265,0.0325,0.0481
266,0.032,0.0428
267,0.0313,0.035
268,0.0318,0.0344
269,0.0333,0.0377
270,0.0349,0.0361
271,0.0365,0.0361
272,0.0393,0.0418
273,0.0434,0.0529
274,0.0474,0.0583
275,0.0515,0.0576
276,0.0592,0.0619
277,0.0682,0.076
278,0.0773,0.0983
279,0.0864,0.112
280,0.0967,0.1085
281,0.1085,0.1287
282,0.1202,0.1284
283,0.1319,0.1228
284,0.142,0.13
285,0.1504,0.1123
286,0.1588,0.1318
287,0.1672,0.1483
288,0.1731,0.1574
289,0.1767,0.1286
290,0.1803,0.1375
291,0.1839,0.175
292,0.1826,0.2004
293,0.1763,0.1943
294,0.17,0.1906
295,0.1637,0.1827
296,0.1584,0.1791
297,0.1542,0.1721
298,0.15,0.1744
299,0.1458,0.1673
300,0.1415,0.1583
301,0.1371,0.178
302,0.1327,0.1942
303,0.1283,0.2006
304,0.1278,0.1939
305,0.1313,0.1793
306,0.1349,0.1372
307,0.1384,0.1351
308,0.1404,0.1441
309,0.1407,0.1483
310,0.1411,0.1396
311,0.1414,0.1426
312,0.1485,0.1366
313,0.1479,0.1454
314,0.1473,0.1538
315,0.1466,0.1665
316,0.1459,0.1798
317,0.1449,0.1981
318,0.1439,0.189
319,0.143,0.1832
320,0.1424,0.1677
321,0.1423,0.1183
322,0.1421,0.0815
323,0.1419,0.0872
324,0.1384,0.0747
325,0.1316,0.0703
326,0.1247,0.0623
327,0.1179,0.0588
328,0.1131,0.0505
329,0.1103,0.044
330,0.1076,0.0298
331,0.1048,0.0513
332,0.0554,0.0535
333,0.0643,0.0565
334,0.0733,0.0563
335,0.0822,0.0748
336,0.0894,0.0755
337,0.0948,0.0852
338,0.1003,0.0783
339,0.1058,0.0913
340,0.1094,0.1349
341,0.1109,0.1216
342,0.1125,0.1214
343,0.1141,0.1123
344,0.114,0.1319
345,0.1123,0.1235
346,0.1107,0.1332
347,0.109,0.1139
348,0.108,0.0826
349,0.1077,0.0819
350,0.1075,0.0609
351,0.1072,0.0537
352,0.0919,0.0694
353,0.0918,0.0681
354,0.0915,0.0777
355,0.0913,0.0755
356,0.0893,0.0804
357,0.0856,0.0954
358,0.0819,0.0715
359,0.0782,0.0452
360,0.0762,0.04
361,0.0758,0.0457
362,0.0755,0.0506
363,0.0752,0.0424
364,0.0757,0.0301
365,0.077,0.0224
366,0.0782,0.0275
367,0.0795,0.0256
368,0.081,0.0188
369,0.0826,0.0275
370,0.0842,0.0362
371,0.0858,0.0585
372,0.0537,0.0583
373,0.0591,0.0574
374,0.0645,0.0664
375,0.0698,0.0846
376,0.0745,0.0911
377,0.0784,0.0885
378,0.0823,0.0916
379,0.0862,0.0729
380,0.0892,0.0775
381,0.0913,0.0818
382,0.0935,0.0878
383,0.0956,0.091
384,0.0966,0.0999
385,0.0962,0.1115
386,0.096,0.1345
387,0.0957,0.1321
388,0.0957,0.1271
389,0.0962,0.1317
390,0.0966,0.0937
391,0.097,0.0993
392,0.0964,0.1056
393,0.0946,0.1223
394,0.0929,0.1228
395,0.0912,0.1472
396,0.0912,0.1423
397,0.0929,0.1325
398,0.0947,0.1344
399,0.0964,0.1273
400,0.0979,0.1279
401,0.0992,0.1283
402,0.1005,0.1655
403,0.1019,0.1881
404,0.1022,0.1876
405,0.1016,0.1874
406,0.101,0.1638
407,0.1005,0.1754
408,0.153,0.1604
409,0.1501,0.1616
410,0.1473,0.1506
411,0.1444,0.1387
412,0.1425,0.1299
413,0.1418,0.1418
414,0.1409,0.1406
415,0.1401,0.114
416,0.1386,0.1154
417,0.1364,0.1283
418,0.1341,0.1166
419,0.1319,0.1048
420,0.1281,0.116
421,0.1229,0.1345
422,0.1178,0.1124
423,0.1125,0.0859
424,0.1104,0.0986
425,0.1112,0.1075
426,0.112,0.101
427,0.1129,0.1022
428,0.0981,0.1006
429,0.1098,0.1041
430,0.1216,0.1337
431,0.1334,0.1327
432,0.1474,0.1733
433,0.1639,0.2025
434,0.1804,0.2047
435,0.1969,0.2033
436,0.2132,0.1947
437,0.2294,0.1606
438,0.2455,0.1389
439,0.2617,0.1044
440,0.2693,0.1109
441,0.2685,0.1191
442,0.2676,0.1557
443,0.2667,0.182
444,0.2576,0.2132
445,0.2401,0.1855
446,0.2225,0.1941
447,0.205,0.2234
448,0.1699,0.2561
449,0.1735,0.235
450,0.1772,0.2292
451,0.1808,0.2521
452,0.185,0.2383
453,0.1898,0.2742
454,0.1945,0.3069
455,0.1992,0.2619
456,0.1988,0.2504
457,0.1932,0.2687
458,0.1875,0.2479
459,0.1819,0.2204
460,0.1777,0.2292
461,0.1749,0.1995
462,0.1721,0.2014
463,0.1693,0.1713
464,0.1675,0.1708
465,0.1668,0.1468
466,0.166,0.1438
467,0.1652,0.1519
468,0.1454,0.1676
469,0.148,0.1596
470,0.1507,0.1624
471,0.1533,0.171
472,0.1617,0.198
473,0.1757,0.2248
474,0.1897,0.233
475,0.2038,0.2694
476,0.2189,0.2463
477,0.235,0.2486
478,0.2512,0.2949
479,0.2674,0.3664
480,0.2798,0.386
481,0.2885,0.4079
482,0.297,0.3906
483,0.3057,0.433
484,0.3184,0.4006
485,0.3351,0.3703
486,0.3519,0.3716
487,0.3686,0.4636
488,0.3844,0.3779
489,0.3993,0.389
490,0.4142,0.4731
491,0.4291,0.4426
492,0.4396,0.348
493,0.4455,0.3844
494,0.4514,0.4146
495,0.4574,0.4527
496,0.4586,0.4694
497,0.4554,0.4706
498,0.452,0.5089
499,0.4487,0.5646
500,0.4502,0.4778
501,0.4564,0.4472
502,0.4626,0.3593
503,0.4689,0.6141
504,0.4452,0.6578
505,0.4374,0.5595
506,0.4295,0.4996
507,0.4216,0.4723
508,0.4097,0.4177
509,0.3938,0.3559
510,0.3779,0.337
511,0.362,0.326
512,0.3521,0.3051
513,0.3482,0.3006
514,0.3443,0.3086
515,0.3404,0.2728
516,0.337,0.2742
517,0.334,0.2732
518,0.331,0.2366
519,0.3281,0.2205
520,0.3252,0.2379
521,0.3224,0.2664
522,0.3197,0.2619
523,0.3169,0.2546
524,0.284,0.2933
525,0.2879,0.3054
526,0.2917,0.2874
527,0.2957,0.271
528,0.2996,0.2756
529,0.3036,0.2814
530,0.3076,0.2096
531,0.3116,0.1734
532,0.3184,0.1966
533,0.3279,0.2165
534,0.3375,0.1881
535,0.3471,0.1858
536,0.3532,0.1537
537,0.3558,0.1286
538,0.3585,0.1497
539,0.3611,0.1343
540,0.3608,0.1329
541,0.3576,0.142
542,0.3543,0.1929
543,0.3511,0.2384
544,0.2009,0.2931
545,0.2034,0.3183
546,0.2058,0.2625
547,0.2083,0.2465
548,0.2084,0.2864
549,0.2062,0.1964
550,0.204,0.1809
551,0.2019,0.2299
552,0.195,0.227
553,0.1835,0.1962
554,0.172,0.1665
555,0.1605,0.1702
556,0.1486,0.1336
557,0.1363,0.1041
558,0.124,0.1058
559,0.1117,0.1015
560,0.105,0.099
561,0.1038,0.0882
562,0.1026,0.1
563,0.1014,0.1011
564,0.0964,0.0883
565,0.0959,0.0927
566,0.0953,0.1073
567,0.0948,0.0986
568,0.0942,0.0941
569,0.0933,0.1008
570,0.0926,0.1098
571,0.0918,0.1267
572,0.0931,0.1259
573,0.0965,0.1131
574,0.0999,0.1144
575,0.1033,0.1183
576,0.1044,0.1043
577,0.1031,0.1033
578,0.1019,0.105
579,0.1007,0.0919
580,0.1003,0.0989
581,0.1007,0.1038
582,0.101,0.1014
583,0.1015,0.113
584,0.1015,0.1346
585,0.1014,0.1257
586,0.101,0.1235
587,0.1008,0.1041
588,0.0995,0.0975
589,0.0972,0.1017
590,0.0948,0.1055
591,0.0924,0.1061
592,0.0907,0.1068
593,0.0895,0.108
594,0.0883,0.0964
595,0.0871,0.101
596,0.0863,0.1039
597,0.0859,0.1209
598,0.0856,0.1007
599,0.0852,0.1036
600,0.1054,0.0935
601,0.1036,0.0977
602,0.1019,0.0878
603,0.1001,0.0935
604,0.0976,0.099
605,0.0945,0.097
606,0.0912,0.1088
607,0.0881,0.0946
608,0.0838,0.1111
609,0.0784,0.097
610,0.073,0.0996
611,0.0676,0.0985
612,0.0632,0.0844
613,0.0597,0.0715
614,0.0563,0.0614
615,0.0529,0.0482
616,0.0511,0.0495
617,0.051,0.0634
618,0.051,0.0709
619,0.0509,0.0693
620,0.0624,0.0765
621,0.0679,0.0829
622,0.0734,0.0872
623,0.0789,0.0769
624,0.0854,0.0946
625,0.0931,0.1015
626,0.1007,0.1068
627,0.1084,0.0945
628,0.117,0.0964
629,0.1267,0.1244
630,0.1363,0.1171
631,0.1459,0.1043
632,0.1539,0.1116
633,0.1601,0.151
634,0.1664,0.1733
635,0.1726,0.1612
636,0.1767,0.1548
637,0.1785,0.1215
638,0.1803,0.1104
639,0.1821,0.0844
640,0.1457,0.105
641,0.1471,0.1055
642,0.1484,0.1681
643,0.1497,0.1489
644,0.1555,0.1301
645,0.1656,0.1742
646,0.1757,0.2045
647,0.1858,0.1858
648,0.1896,0.1226
649,0.187,0.1431
650,0.1844,0.1483
651,0.1818,0.1735
652,0.1805,0.1812
653,0.1804,0.1767
654,0.1803,0.2041
655,0.1803,0.2171
656,0.1838,0.2617
657,0.191,0.2964
658,0.198,0.2708
659,0.2052,0.2959
660,0.2765,0.3471
661,0.2814,0.3797
662,0.2865,0.4055
663,0.2915,0.3856
664,0.2968,0.3829
665,0.3024,0.3683
666,0.308,0.3449
667,0.3137,0.3536
668,0.3207,0.3783
669,0.3293,0.3892
670,0.3379,0.4029
671,0.3465,0.3771
672,0.3561,0.3217
673,0.3667,0.3635
674,0.3772,0.3942
675,0.3879,0.4234
676,0.4009,0.4219
677,0.4162,0.3938
678,0.4315,0.448
679,0.447,0.4764
680,0.4607,0.4877
681,0.4728,0.4954
682,0.4849,0.503
683,0.497,0.4704
684,0.51,0.4739
685,0.5239,0.4997
686,0.5378,0.492
687,0.5517,0.493
688,0.5667,0.5124
689,0.583,0.5066
690,0.5993,0.5181
691,0.6156,0.5422
692,0.6288,0.5795
693,0.6389,0.6013
694,0.649,0.6
695,0.6591,0.5724
696,0.652,0.6235
697,0.6611,0.6811
698,0.6702,0.7084
699,0.6793,0.7552
700,0.6891,0.7369
701,0.6995,0.7529
702,0.71,0.7818
703,0.7204,0.7751
704,0.7275,0.7753
705,0.7312,0.7449
706,0.7349,0.7501
707,0.7386,0.7509
708,0.7429,0.7065
709,0.7479,0.6411
710,0.7528,0.6886
711,0.7577,0.7121
712,0.759,0.688
713,0.7568,0.6701
714,0.7544,0.6627
715,0.7521,0.6895
716,0.7085,0.7207
717,0.7103,0.7168
718,0.7122,0.7167
719,0.714,0.6877
720,0.7143,0.6562
721,0.7129,0.6631
722,0.7115,0.6393
723,0.7102,0.609
724,0.7055,0.5913
725,0.6974,0.6069
726,0.6893,0.6272
727,0.6812,0.6516
728,0.6748,0.7239
729,0.67,0.6842
730,0.6653,0.7228
731,0.6605,0.5995
732,0.6554,0.4703
733,0.6501,0.5106
734,0.6449,0.4996
735,0.6396,0.4866
736,0.5353,0.4191
737,0.5429,0.3804
738,0.5505,0.445
739,0.558,0.4495
740,0.5628,0.5236
741,0.5647,0.5344
742,0.5666,0.4982
743,0.5685,0.4487
744,0.5683,0.3952
745,0.5661,0.3287
746,0.564,0.3237
747,0.5618,0.3634
748,0.5613,0.464
749,0.5624,0.4716
750,0.5636,0.4852
751,0.5648,0.4698
752,0.5645,0.5249
753,0.5628,0.4894
754,0.561,0.5178
755,0.5592,0.473
756,0.4818,0.4062
757,0.465,0.4351
758,0.4481,0.4279
759,0.4313,0.4109
760,0.4201,0.3678
761,0.4147,0.3792
762,0.4093,0.37
763,0.4038,0.2871
764,0.3934,0.2583
765,0.3781,0.2633
766,0.3628,0.2592
767,0.3475,0.23
768,0.3328,0.2589
769,0.3187,0.2334
770,0.3047,0.2098
771,0.2906,0.2186
772,0.2785,0.2009
773,0.2684,0.2137
774,0.2584,0.2355
775,0.2483,0.2285
776,0.2391,0.2349
777,0.231,0.2867
778,0.2228,0.3569
779,0.2147,0.4036
780,0.216,0.3427
781,0.2266,0.2941
782,0.2372,0.2545
783,0.2479,0.2221
784,0.2494,0.2103
785,0.242,0.2006
786,0.2345,0.212
787,0.2271,0.2246
788,0.2224,0.2527
789,0.2203,0.3329
790,0.2184,0.3812
791,0.2163,0.4242
792,0.2919,0.411
793,0.2959,0.3105
794,0.2999,0.2292
795,0.3041,0.2082
796,0.3033,0.1942
797,0.2977,0.1702
798,0.2921,0.1779
799,0.2864,0.1723
800,0.2746,0.1804
801,0.2567,0.2373
802,0.2387,0.3396
803,0.2208,0.3206
804,0.2116,0.2759
805,0.2113,0.2281
806,0.211,0.2817
807,0.2107,0.2742
808,0.2042,0.2342
809,0.1916,0.2228
810,0.179,0.2177
811,0.1663,0.1917
812,0.1721,0.1835
813,0.1673,0.1842
814,0.1625,0.2223
815,0.1577,0.2108
816,0.1541,0.1889
817,0.1517,0.1794
818,0.1493,0.1886
819,0.1469,0.1595
820,0.1389,0.1452
821,0.1251,0.1317
822,0.1114,0.1884
823,0.0976,0.192
824,0.0938,0.1544
825,0.1,0.2201
826,0.1061,0.3008
827,0.1122,0.1801
828,0.1209,0.1223
829,0.1323,0.0947
830,0.1436,0.0871
831,0.155,0.0639
832,0.0819,0.0624
833,0.0822,0.1048
834,0.0825,0.0958
835,0.0828,0.059
836,0.0781,0.0445
837,0.0685,0.0392
838,0.0587,0.039
839,0.0491,0.0686
840,0.0424,0.0937
841,0.0389,0.0851
842,0.0354,0.0657
843,0.0318,0.0758
844,0.0311,0.0796
845,0.033,0.0898
846,0.035,0.0888
847,0.0369,0.1248
848,0.0409,0.0717
849,0.0468,0.06
850,0.0527,0.0546
851,0.0585,0.0701
852,0.0753,0.0852
853,0.079,0.0595
854,0.0826,0.0762
855,0.0863,0.0844
856,0.0914,0.0898
857,0.0983,0.0966
858,0.1051,0.1007
859,0.112,0.1238
860,0.1164,0.1524
861,0.1183,0.1769
862,0.1202,0.1651
863,0.1221,0.1556
864,0.1248,0.1407
865,0.1284,0.1326
866,0.132,0.128
867,0.1356,0.1308
868,0.1426,0.1331
869,0.1529,0.1308
870,0.1634,0.1443
871,0.1737,0.1694
872,0.1827,0.1764
873,0.1906,0.1728
874,0.1983,0.1656
875,0.2062,0.1868
876,0.2096,0.2068
877,0.2088,0.1946
878,0.2079,0.1809
879,0.207,0.1731
880,0.2071,0.1552
881,0.2082,0.1476
882,0.2093,0.1562
883,0.2103,0.1646
884,0.2105,0.187
885,0.2097,0.1997
886,0.209,0.209
887,0.2081,0.2452
888,0.2147,0.253
889,0.2137,0.2628
890,0.2127,0.264
891,0.2118,0.2451
892,0.2107,0.2172
893,0.2096,0.1848
894,0.2085,0.1765
895,0.2074,0.1682
896,0.2043,0.1702
897,0.1993,0.1602
898,0.1943,0.151
899,0.1893,0.1511
900,0.1883,0.1349
901,0.1912,0.1446
902,0.1942,0.1414
903,0.1971,0.1585
904,0.2013,0.1715
905,0.2064,0.1852
906,0.2116,0.1743
907,0.2168,0.2018
908,0.218,0.2345
909,0.2298,0.2067
910,0.2417,0.2165
911,0.2535,0.2177
912,0.268,0.2251
913,0.285,0.2433
914,0.302,0.2635
915,0.319,0.3071
916,0.3337,0.3486
917,0.3461,0.3111
918,0.3584,0.3224
919,0.3708,0.3613
920,0.3831,0.3663
921,0.395,0.3488
922,0.4071,0.3794
923,0.4192,0.3649
924,0.4329,0.3588
925,0.4482,0.376
926,0.4636,0.3709
927,0.4789,0.3982
928,0.4516,0.4237
929,0.4631,0.4413
930,0.4746,0.4139
931,0.4861,0.4908
932,0.4921,0.5719
933,0.4925,0.5703
934,0.4929,0.5743
935,0.4934,0.5982
936,0.4984,0.5938
937,0.508,0.6227
938,0.5176,0.5772
939,0.5273,0.6234
940,0.5417,0.6255
941,0.5611,0.6658
942,0.5804,0.71
943,0.5998,0.7616
944,0.619,0.7744
945,0.6381,0.7607
946,0.6572,0.7351
947,0.6763,0.7799
948,0.7965,0.7976
949,0.8053,0.8416
950,0.814,0.8455
951,0.8227,0.8644
952,0.8306,0.8492
953,0.8377,0.8457
954,0.8447,0.8589
955,0.8518,0.8502
956,0.8555,0.8536
957,0.856,0.8159
958,0.8565,0.7877
959,0.857,0.7455
960,0.8556,0.7473
961,0.8522,0.7537
962,0.849,0.7986
963,0.8456,0.8054
964,0.8394,0.7718
965,0.8303,0.7658
966,0.8212,0.7559
967,0.8121,0.6841
968,0.7974,0.7003
969,0.7771,0.6956
970,0.7569,0.6728
971,0.7366,0.637
972,0.7126,0.5762
973,0.685,0.5849
974,0.6572,0.5577
975,0.6295,0.4875
976,0.6093,0.4896
977,0.5966,0.4866
978,0.5839,0.4214
979,0.5712,0.47
980,0.5642,0.4868
981,0.5628,0.5192
982,0.5614,0.5342
983,0.5601,0.4374
984,0.4958,0.4505
985,0.5018,0.4713
986,0.5077,0.4425
987,0.5137,0.4613
988,0.5265,0.5273
989,0.546,0.5573
990,0.5655,0.5325
991,0.5851,0.5144
992,0.5974,0.4958
993,0.6025,0.5333
994,0.6076,0.5907
995,0.6127,0.604
996,0.6296,0.602
997,0.6584,0.623
998,0.6872,0.6301
999,0.716,0.6521
1000,0.7361,0.6469
1001,0.7474,0.694
1002,0.7588,0.7367
1003,0.7701,0.6865
1004,0.751,0.6846
1005,0.7667,0.6862
1006,0.7823,0.7033
1007,0.798,0.7534
1008,0.8031,0.7684
1009,0.7977,0.7362
1010,0.7922,0.7109
1011,0.7868,0.7369
1012,0.7883,0.7244
1013,0.797,0.7264
1014,0.8056,0.7191
1015,0.8143,0.6762
1016,0.8209,0.756
1017,0.8256,0.7544
1018,0.8303,0.7664
1019,0.8349,0.8005
1020,0.8366,0.795
1021,0.8353,0.7816
1022,0.834,0.8028
1023,0.8328,0.8361
1024,0.7917,0.8516
1025,0.7908,0.8094
1026,0.79,0.7699
1027,0.7892,0.7708
1028,0.7881,0.7687
1029,0.7868,0.7228
1030,0.7856,0.7789
1031,0.7843,0.8131
1032,0.7809,0.7905
1033,0.7752,0.7333
1034,0.7696,0.7347
1035,0.7639,0.7163
1036,0.7571,0.6506
1037,0.7492,0.6798
1038,0.7413,0.6817
1039,0.7335,0.6606
1040,0.7297,0.6637
1041,0.73,0.7397
1042,0.7302,0.7389
1043,0.7306,0.7098
1044,0.7022,0.6549
1045,0.6987,0.6539
1046,0.6953,0.6561
1047,0.6918,0.6749
1048,0.6878,0.7315
1049,0.6834,0.6591
1050,0.679,0.5664
1051,0.6745,0.6236
1052,0.6684,0.6807
1053,0.6607,0.6598
1054,0.653,0.6328
1055,0.6453,0.5957
1056,0.6328,0.5649
1057,0.6154,0.5731
1058,0.5981,0.6081
1059,0.5807,0.6133
1060,0.5644,0.6315
1061,0.5493,0.6534
1062,0.534,0.6334
1063,0.5189,0.5509
1064,0.5072,0.5349
1065,0.499,0.5846
1066,0.4908,0.5852
1067,0.4826,0.6466
1068,0.4704,0.6355
1069,0.4543,0.5966
1070,0.4382,0.5457
1071,0.422,0.4847
1072,0.4089,0.5039
1073,0.3987,0.4999
1074,0.3885,0.5208
1075,0.3784,0.448
1076,0.3703,0.4194
1077,0.3643,0.401
1078,0.3582,0.3621
1079,0.3522,0.3141
1080,0.3688,0.3615
1081,0.3632,0.4031
1082,0.3575,0.4028
1083,0.3517,0.3784
1084,0.3454,0.3174
1085,0.3385,0.3311
1086,0.3316,0.3188
1087,0.3248,0.3479
1088,0.3183,0.3732
1089,0.3123,0.3526
1090,0.3062,0.334
1091,0.3002,0.2932
1092,0.2948,0.2659
1093,0.29,0.2717
1094,0.2852,0.2632
1095,0.2804,0.2667
1096,0.2827,0.2669
1097,0.2919,0.2776
1098,0.3012,0.2901
1099,0.3104,0.3148
1100,0.2821,0.3474
1101,0.286,0.3607
1102,0.2898,0.3555
1103,0.2937,0.3443
1104,0.3025,0.3131
1105,0.3164,0.2592
1106,0.3303,0.3478
1107,0.3441,0.4316
1108,0.3519,0.411
1109,0.3538,0.4649
1110,0.3556,0.3361
1111,0.3574,0.312
1112,0.3628,0.3895
1113,0.3717,0.5196
1114,0.3808,0.5321
1115,0.3897,0.4549
1116,0.3971,0.4957
1117,0.4028,0.5755
1118,0.4084,0.6408
1119,0.414,0.5806
1120,0.4943,0.4556
1121,0.4872,0.4154
1122,0.4802,0.4409
1123,0.4732,0.5159
1124,0.4659,0.4549
1125,0.4584,0.4243
1126,0.4511,0.379
1127,0.4436,0.3292
1128,0.4303,0.3304
1129,0.4112,0.3688
1130,0.392,0.3846
1131,0.3728,0.3678
1132,0.357,0.3572
1133,0.3447,0.2633
1134,0.3323,0.2413
1135,0.32,0.3186
1136,0.3195,0.3573
1137,0.331,0.4163
1138,0.3424,0.3935
1139,0.3539,0.3956
1140,0.3736,0.3886
1141,0.3868,0.4494
1142,0.4001,0.4856
1143,0.4133,0.4956
1144,0.4331,0.4826
1145,0.4593,0.5075
1146,0.4855,0.559
1147,0.5118,0.5631
1148,0.5386,0.5942
1149,0.5661,0.6372
1150,0.5936,0.6058
1151,0.6211,0.6255
1152,0.6521,0.6652
1153,0.6866,0.7215
1154,0.7212,0.7531
1155,0.7557,0.7616
1156,0.7828,0.7566
1157,0.8023,0.8369
1158,0.8219,0.8607
1159,0.8414,0.8644
1160,0.8557,0.878
1161,0.8647,0.8745
1162,0.8736,0.8825
1163,0.8826,0.8751
1164,0.8903,0.8587
1165,0.8967,0.8681
1166,0.9031,0.8774
1167,0.9094,0.8711
1168,0.9129,0.8368
1169,0.9136,0.8496
1170,0.9141,0.8347
1171,0.9147,0.8388
1172,0.9151,0.8496
1173,0.9154,0.8436
1174,0.9157,0.8338
1175,0.916,0.8412
1176,0.8606,0.8345
1177,0.8622,0.8314
1178,0.8638,0.8334
1179,0.8653,0.8273
1180,0.8666,0.8355
1181,0.8674,0.8651
1182,0.8682,0.8623
1183,0.8691,0.831
1184,0.8694,0.8742
1185,0.8693,0.8599
1186,0.8691,0.8567
1187,0.869,0.8447
1188,0.8694,0.8243
1189,0.8705,0.8219
1190,0.8716,0.8198
1191,0.8727,0.8272
1192,0.8728,0.8331
1193,0.8718,0.8385
1194,0.8709,0.8375
1195,0.87,0.8586
1196,0.8435,0.8441
1197,0.8431,0.8349
1198,0.8426,0.7784
1199,0.8422,0.8094
1200,0.8407,0.7978
1201,0.8384,0.7784
1202,0.8361,0.7732
1203,0.8337,0.8262
1204,0.8321,0.805
1205,0.8311,0.6661
1206,0.8303,0.5702
1207,0.8293,0.5695
1208,0.8262,0.7086
1209,0.8209,0.798
1210,0.8156,0.8362
1211,0.8104,0.8194
1212,0.8083,0.8697
1213,0.8096,0.8657
1214,0.8109,0.834
1215,0.8121,0.7262
1216,0.8193,0.6738
1217,0.8086,0.7511
1218,0.7979,0.7631
1219,0.7871,0.7892
1220,0.7808,0.7909
1221,0.7787,0.7827
1222,0.7766,0.7151
1223,0.7746,0.67
1224,0.7612,0.5714
1225,0.7365,0.5806
1226,0.7119,0.4905
1227,0.6872,0.5016
1228,0.672,0.4814
1229,0.6664,0.5216
1230,0.6608,0.5384
1231,0.6552,0.5211
1232,0.6555,0.5577
1233,0.6618,0.6106
1234,0.6682,0.6678
1235,0.6745,0.6834
1236,0.6127,0.6556
1237,0.6128,0.6545
1238,0.613,0.6293
1239,0.6132,0.7119
1240,0.613,0.6969
1241,0.6124,0.5676
1242,0.6118,0.5113
1243,0.6112,0.5663
1244,0.6063,0.6317
1245,0.5972,0.6411
1246,0.588,0.6348
1247,0.5789,0.6349
1248,0.5665,0.6093
1249,0.5509,0.5549
1250,0.5353,0.4908
1251,0.5197,0.4351
1252,0.5047,0.3927
1253,0.4901,0.3384
1254,0.4756,0.3601
1255,0.4612,0.3337
1256,0.4472,0.3442
1257,0.4338,0.3891
1258,0.4204,0.4249
1259,0.407,0.4463
1260,0.3992,0.3483
1261,0.397,0.3485
1262,0.3947,0.2834
1263,0.3925,0.294
1264,0.4002,0.3172
1265,0.4177,0.3587
1266,0.4351,0.4001
1267,0.4526,0.4845
1268,0.4634,0.3633
1269,0.4674,0.2817
1270,0.4714,0.2721
1271,0.4754,0.2735
1272,0.3833,0.3037
1273,0.386,0.4327
1274,0.3885,0.4999
1275,0.3912,0.3681
1276,0.4021,0.3705
1277,0.4213,0.3318
1278,0.4404,0.3428
1279,0.4595,0.3875
1280,0.4804,0.4899
1281,0.5029,0.4741
1282,0.5254,0.4494
1283,0.548,0.4829
1284,0.5604,0.4596
1285,0.5629,0.48
1286,0.5653,0.4637
1287,0.5677,0.467
1288,0.5667,0.5582
1289,0.5625,0.5453
1290,0.5581,0.5377
1291,0.5537,0.5779
1292,0.5349,0.6277
1293,0.552,0.6496
1294,0.5691,0.6816
1295,0.5862,0.6243
1296,0.602,0.6598
1297,0.6164,0.6379
1298,0.6309,0.6455
1299,0.6454,0.6863
1300,0.6598,0.6665
1301,0.674,0.6641
1302,0.6882,0.666
1303,0.7025,0.7347
1304,0.716,0.6519
1305,0.729,0.7554
1306,0.742,0.7079
1307,0.755,0.6333
1308,0.7585,0.6565
1309,0.7523,0.5523
1310,0.7462,0.7181
1311,0.7401,0.6916
1312,0.6389,0.5964
1313,0.6367,0.5503
1314,0.6343,0.5333
1315,0.632,0.5286
1316,0.6233,0.5443
1317,0.6082,0.5894
1318,0.593,0.5775
1319,0.5779,0.5246
1320,0.5592,0.4917
1321,0.537,0.4989
1322,0.5148,0.4383
1323,0.4926,0.4141
1324,0.4692,0.3895
1325,0.4444,0.3944
1326,0.4197,0.4161
1327,0.395,0.3678
1328,0.3708,0.2849
1329,0.3472,0.2461
1330,0.3237,0.2443
1331,0.3001,0.2615
1332,0.2312,0.2521
1333,0.2254,0.2821
1334,0.2195,0.2955
1335,0.2136,0.3115
1336,0.2119,0.3145
1337,0.2141,0.3277
1338,0.2165,0.3393
1339,0.2187,0.3233
1340,0.2166,0.2609
1341,0.2099,0.2288
1342,0.2033,0.2365
1343,0.1966,0.2086
1344,0.1943,0.1724
1345,0.1963,0.1724
1346,0.1982,0.1908
1347,0.2002,0.2058
1348,0.1975,0.2271
1349,0.1899,0.2545
1350,0.1824,0.258
1351,0.1749,0.2423
1352,0.1686,0.2686
1353,0.1637,0.2357
1354,0.1588,0.1961
1355,0.1538,0.1757
1356,0.1493,0.1471
1357,0.1454,0.1466
1358,0.1414,0.1504
1359,0.1374,0.16
1360,0.1324,0.1639
1361,0.1263,0.1494
1362,0.1202,0.1331
1363,0.114,0.1224
1364,0.1097,0.1372
1365,0.1072,0.1345
1366,0.1047,0.1293
1367,0.1022,0.1327
1368,0.1087,0.1462
1369,0.1024,0.0868
1370,0.0962,0.0927
1371,0.0899,0.0746
1372,0.0856,0.0624
1373,0.0833,0.0575
1374,0.081,0.0652
1375,0.0786,0.0563
1376,0.0757,0.051
1377,0.072,0.0559
1378,0.0683,0.0583
1379,0.0647,0.0396
1380,0.0617,0.0306
1381,0.0595,0.0423
1382,0.0572,0.0445
1383,0.055,0.0465
1384,0.0537,0.0455
1385,0.0535,0.047
1386,0.0532,0.0491
1387,0.053,0.0523
1388,0.0466,0.0556
1389,0.047,0.0759
1390,0.0473,0.0681
1391,0.0477,0.0678
1392,0.0493,0.0682
1393,0.0523,0.0634
1394,0.0553,0.0731
1395,0.0583,0.0835
1396,0.0629,0.0963
1397,0.0691,0.0738
1398,0.0755,0.1101
1399,0.0817,0.064
1400,0.084,0.0561
1401,0.0824,0.0894
1402,0.0808,0.1353
1403,0.0792,0.0868
1404,0.0782,0.0481
1405,0.0778,0.0519
1406,0.0774,0.0691
1407,0.077,0.079
1408,0.0657,0.1034
1409,0.0671,0.0931
1410,0.0686,0.0705
1411,0.07,0.0789
1412,0.0722,0.0786
1413,0.0753,0.0707
1414,0.0784,0.0689
1415,0.0814,0.0921
1416,0.079,0.0864
1417,0.0712,0.0943
1418,0.0634,0.0921
1419,0.0556,0.0771
1420,0.051,0.0582
1421,0.0496,0.0464
1422,0.0482,0.0627
1423,0.0469,0.0674
1424,0.047,0.0714
1425,0.0486,0.0821
1426,0.0501,0.0895
1427,0.0517,0.1026
1428,0.0683,0.1181
1429,0.0709,0.0993
1430,0.0734,0.0934
1431,0.0759,0.0993
1432,0.0789,0.1078
1433,0.0823,0.1184
1434,0.0858,0.1358
1435,0.0893,0.1377
1436,0.0927,0.1425
1437,0.0961,0.1283
1438,0.0995,0.1228
1439,0.1029,0.1277
1440,0.1036,0.1278
1441,0.1014,0.1044
1442,0.0993,0.0983
1443,0.0972,0.0984
1444,0.0957,0.1029
1445,0.0948,0.1088
1446,0.094,0.1145
1447,0.0932,0.1082
1448,0.0939,0.0991
1449,0.0962,0.0931
1450,0.0985,0.0914
1451,0.1008,0.0914
1452,0.1019,0.0923
1453,0.1017,0.0965
1454,0.1015,0.0894
1455,0.1013,0.0698
1456,0.0991,0.0631
1457,0.095,0.058
1458,0.0909,0.0487
1459,0.0868,0.044
1460,0.0846,0.0464
1461,0.0843,0.0394
1462,0.084,0.0396
1463,0.0836,0.0508
1464,0.0558,0.0583
1465,0.0586,0.0587
1466,0.0613,0.0645
1467,0.064,0.0626
1468,0.0669,0.0643
1469,0.0698,0.0619
1470,0.0728,0.0589
1471,0.0757,0.0517
1472,0.0757,0.0589
1473,0.0728,0.0529
1474,0.0699,0.0467
1475,0.067,0.0392
1476,0.063,0.0335
1477,0.0579,0.0242
1478,0.0528,0.0141
1479,0.0477,0.0175
1480,0.044,0.0271
1481,0.0417,0.0255
1482,0.0393,0.0249
1483,0.037,0.0215
1484,0.0221,0.0189
1485,0.0221,0.0229
1486,0.0221,0.0318
1487,0.0221,0.0302
1488,0.0228,0.0303
1489,0.0242,0.0501
1490,0.0255,0.057
1491,0.0269,0.0702
1492,0.0276,0.0606
1493,0.0276,0.0654
1494,0.0276,0.063
1495,0.0275,0.0611
1496,0.0277,0.0634
1497,0.0278,0.0546
1498,0.028,0.0474
1499,0.0282,0.038
1500,0.0284,0.0365
1501,0.0286,0.0311
1502,0.0289,0.0227
1503,0.0291,0.0174
1504,0.0317,0.0221
1505,0.0312,0.0249
1506,0.0308,0.0252
1507,0.0303,0.0172
1508,0.029,0.0133
1509,0.0268,0.0268
1510,0.0246,0.0269
1511,0.0224,0.0205
1512,0.0216,0.0174
1513,0.0221,0.0308
1514,0.0226,0.018
1515,0.0231,0.0141
1516,0.0227,0.0195
1517,0.0215,0.0158
1518,0.0203,0.0156
1519,0.0191,0.0152
1520,0.0184,0.0233
1521,0.0182,0.0286
1522,0.0181,0.0176
1523,0.0179,0.0232
1524,0.0247,0.029
1525,0.0257,0.0265
1526,0.0266,0.0245
1527,0.0277,0.022
1528,0.0296,0.0211
1529,0.0322,0.0212
1530,0.0349,0.0204
1531,0.0376,0.019
1532,0.0398,0.0198
1533,0.0417,0.0189
1534,0.0436,0.0189
1535,0.0455,0.0246
1536,0.0498,0.0216
1537,0.0568,0.0189
1538,0.0638,0.0205
1539,0.0709,0.0269
1540,0.0753,0.0324
1541,0.0773,0.0326
1542,0.0792,0.0285
1543,0.0811,0.0309
1544,0.081,0.0276
1545,0.0789,0.0321
1546,0.0767,0.033
1547,0.0745,0.0277
1548,0.0726,0.031
1549,0.0707,0.0319
1550,0.0688,0.0345
1551,0.0669,0.0309
1552,0.0659,0.0327
1553,0.0656,0.0284
1554,0.0654,0.021
1555,0.0651,0.0195
1556,0.0652,0.0181
1557,0.0657,0.0256
1558,0.0662,0.026
1559,0.0667,0.0181
1560,0.0355,0.0258
1561,0.0413,0.0285
1562,0.0471,0.0323
1563,0.0529,0.0338
1564,0.0563,0.0305
1565,0.0574,0.0309
1566,0.0585,0.028
1567,0.0595,0.0283
1568,0.0585,0.0251
1569,0.0553,0.0235
1570,0.0522,0.023
1571,0.0489,0.018
1572,0.044,0.018
1573,0.0373,0.0141
1574,0.0307,0.0124
1575,0.024,0.0152
1576,0.0191,0.0145
1577,0.0161,0.0108
1578,0.0131,0.0102
1579,0.01,0.0099
1580,0.0083,0.0092
1581,0.0083,0.0081
1582,0.0083,0.0095
1583,0.0082,0.0089
1584,0.0084,0.0092
1585,0.0088,0.0083
1586,0.0091,0.0097
1587,0.0095,0.0097
1588,0.0097,0.0117
1589,0.0098,0.0137
1590,0.0099,0.0124
1591,0.01,0.0107
1592,0.01,0.0093
1593,0.0098,0.009
1594,0.0097,0.0093
1595,0.0095,0.009
1596,0.0094,0.0092
1597,0.0094,0.01
1598,0.0094,0.0127
1599,0.0094,0.0131
1600,0.0118,0.014
1601,0.0122,0.0144
1602,0.0126,0.0141
1603,0.013,0.0159
1604,0.0131,0.0169
1605,0.013,0.014
1606,0.0129,0.0131
1607,0.0128,0.0133
1608,0.0133,0.0138
1609,0.0145,0.0145
1610,0.0157,0.0134
1611,0.0169,0.0132
1612,0.0176,0.0134
1613,0.0179,0.0124
1614,0.0182,0.0117
1615,0.0186,0.0119
1616,0.0187,0.0126
1617,0.0186,0.0121
1618,0.0186,0.0119
1619,0.0185,0.0174
1620,0.0206,0.0137
1621,0.0196,0.0166
1622,0.0187,0.015
1623,0.0177,0.0154
1624,0.0185,0.0183
1625,0.0209,0.0222
1626,0.0234,0.0236
1627,0.0258,0.0222
1628,0.0281,0.0215
1629,0.0302,0.0217
1630,0.0325,0.0211
1631,0.0346,0.023
1632,0.0395,0.0238
1633,0.0471,0.0422
1634,0.0547,0.0582
1635,0.0624,0.067
1636,0.067,0.0635
1637,0.0685,0.0544
1638,0.07,0.0544
1639,0.0715,0.0585
1640,0.0721,0.0604
1641,0.0717,0.0657
1642,0.0713,0.0841
1643,0.0709,0.0871
1644,0.072,0.075
1645,0.0747,0.075
1646,0.0774,0.0816
1647,0.0801,0.0874
1648,0.0808,0.0829
1649,0.0794,0.1345
1650,0.0781,0.0666
1651,0.0769,0.0625
1652,0.0791,0.0606
1653,0.0849,0.0556
1654,0.0907,0.0475
1655,0.0965,0.041
1656,0.0829,0.0471
1657,0.0872,0.0508
1658,0.0915,0.0522
1659,0.0958,0.0513
1660,0.0992,0.055
1661,0.1017,0.0553
1662,0.1043,0.0752
1663,0.1068,0.0809
1664,0.1062,0.083
1665,0.1024,0.0874
1666,0.0985,0.0961
1667,0.0947,0.0882
1668,0.0906,0.065
1669,0.0861,0.0619
1670,0.0816,0.0655
1671,0.0771,0.0632
1672,0.0749,0.0446
1673,0.0749,0.0482
1674,0.0749,0.0464
1675,0.0749,0.0402
1676,0.0436,0.044
1677,0.0465,0.0419
1678,0.0494,0.0389
1679,0.0523,0.0467
1680,0.0563,0.0538
1681,0.0614,0.0457
1682,0.0666,0.0364
1683,0.0717,0.0528
1684,0.0779,0.0799
1685,0.0851,0.071
1686,0.0923,0.0685
1687,0.0995,0.0664
1688,0.1079,0.0645
1689,0.1174,0.0515
1690,0.1269,0.0743
1691,0.1365,0.0777
1692,0.134,0.0457
1693,0.1197,0.0374
1694,0.1053,0.0511
1695,0.0909,0.0583
1696,0.0649,0.0493
1697,0.0667,0.0423
1698,0.0685,0.0454
1699,0.0702,0.0498
1700,0.072,0.0469
1701,0.074,0.0564
1702,0.076,0.0678
1703,0.0779,0.0543
1704,0.0815,0.0508
1705,0.0864,0.057
1706,0.0914,0.059
1707,0.0965,0.0573
1708,0.1003,0.0497
1709,0.1029,0.0516
1710,0.1055,0.0563
1711,0.108,0.0659
1712,0.1097,0.0657
1713,0.1106,0.0661
1714,0.1115,0.0741
1715,0.1123,0.0911
1716,0.1082,0.0979
1717,0.1125,0.1091
1718,0.1169,0.1024
1719,0.1212,0.0987
1720,0.1255,0.1098
1721,0.1296,0.1045
1722,0.1337,0.1121
1723,0.1379,0.0855
1724,0.1415,0.0812
1725,0.1445,0.0917
1726,0.1476,0.0963
1727,0.1507,0.0951
1728,0.1503,0.1002
1729,0.1466,0.0878
1730,0.1428,0.08
1731,0.1391,0.0847
1732,0.1382,0.0836
1733,0.1401,0.0862
1734,0.1421,0.0868
1735,0.1442,0.0781
1736,0.1433,0.0771
1737,0.1396,0.0939
1738,0.1358,0.0839
1739,0.1321,0.0928
1740,0.128,0.1044
1741,0.1235,0.1068
1742,0.1191,0.1015
1743,0.1146,0.1088
1744,0.1117,0.1057
1745,0.1104,0.1382
1746,0.109,0.1032
1747,0.1077,0.0951
1748,0.1077,0.0972
1749,0.1091,0.0968
1750,0.1104,0.0952
1751,0.1119,0.0781
1752,0.1096,0.0727
1753,0.1036,0.1096
1754,0.0976,0.0672
1755,0.0916,0.0666
1756,0.0864,0.0606
1757,0.0821,0.0508
1758,0.0777,0.0427
1759,0.0734,0.0386
1760,0.0687,0.034
1761,0.0636,0.0334
1762,0.0585,0.0269
1763,0.0534,0.0246
1764,0.0491,0.032
1765,0.0457,0.0293
1766,0.0422,0.0284
1767,0.0388,0.0268
1768,0.0366,0.0233
1769,0.0357,0.0194
1770,0.0348,0.0156
1771,0.0339,0.0145
1772,0.0191,0.0167
1773,0.0208,0.0181
1774,0.0227,0.0191
1775,0.0244,0.0215
1776,0.0258,0.0204
1777,0.0269,0.0203
1778,0.028,0.0137
1779,0.029,0.0148
1780,0.0293,0.0116
1781,0.0289,0.0149
1782,0.0284,0.0135
1783,0.0279,0.0107
1784,0.0278,0.011
1785,0.028,0.0075
1786,0.0282,0.0075
1787,0.0284,0.0077
1788,0.0289,0.0071
1789,0.0297,0.0117
1790,0.0306,0.0195
1791,0.0314,0.026
1792,0.0332,0.0208
1793,0.0356,0.026
1794,0.0379,0.0364
1795,0.0403,0.0389
1796,0.045,0.029
1797,0.0519,0.0438
1798,0.0589,0.0569
1799,0.0659,0.0761
1800,0.0702,0.0984
1801,0.0719,0.113
1802,0.0737,0.0957
1803,0.0754,0.1041
1804,0.0757,0.0991
1805,0.0745,0.0837
1806,0.0732,0.082
1807,0.072,0.0701
1808,0.0706,0.0847
1809,0.069,0.1231
1810,0.0675,0.1257
1811,0.0659,0.1071
1812,0.0859,0.1024
1813,0.0796,0.1248
1814,0.0732,0.09
1815,0.0668,0.0827
1816,0.0621,0.0776
1817,0.0592,0.0576
1818,0.0562,0.0437
1819,0.0532,0.0373
1820,0.0513,0.0498
1821,0.0503,0.0462
1822,0.0493,0.0435
1823,0.0483,0.0425
1824,0.048,0.0291
1825,0.0483,0.0259
1826,0.0486,0.0196
1827,0.0489,0.023
1828,0.0499,0.0303
1829,0.0514,0.0409
1830,0.0529,0.0433
1831,0.0544,0.0465
1832,0.0564,0.0457
1833,0.0587,0.0557
1834,0.0609,0.0626
1835,0.0633,0.0703
1836,0.0654,0.0829
1837,0.0675,0.087
1838,0.0696,0.0904
1839,0.0717,0.0931
1840,0.0722,0.0908
1841,0.0712,0.0919
1842,0.0702,0.0894
1843,0.0692,0.0846
1844,0.0698,0.0721
1845,0.0719,0.0703
1846,0.0739,0.078
1847,0.076,0.0837
1848,0.0794,0.0873
1849,0.0856,0.0865
1850,0.0917,0.0798
1851,0.0978,0.097
1852,0.1025,0.1
1853,0.1059,0.1044
1854,0.1092,0.1051
1855,0.1127,0.0933
1856,0.1141,0.097
1857,0.1137,0.1111
1858,0.1132,0.1241
1859,0.1128,0.1356
1860,0.1065,0.1363
1861,0.0943,0.1264
1862,0.0822,0.1121
1863,0.07,0.0954
1864,0.0638,0.0769
1865,0.0639,0.0657
1866,0.0639,0.0653
1867,0.064,0.0655
1868,0.0733,0.0575
1869,0.0772,0.0654
1870,0.0811,0.0713
1871,0.085,0.0707
1872,0.088,0.0598
1873,0.0901,0.0652
1874,0.0922,0.0567
1875,0.0943,0.0522
1876,0.0955,0.0522
1877,0.0957,0.0538
1878,0.0959,0.0578
1879,0.0961,0.0644
1880,0.0943,0.0698
1881,0.0906,0.0816
1882,0.0869,0.0782
1883,0.0832,0.0511
1884,0.0801,0.0451
1885,0.0777,0.0572
1886,0.0753,0.0702
1887,0.0729,0.059
1888,0.0479,0.0729
1889,0.0486,0.0794
1890,0.0493,0.0763
1891,0.0501,0.0799
1892,0.0508,0.0802
1893,0.0516,0.0686
1894,0.0524,0.0729
1895,0.0532,0.0704
1896,0.054,0.0912
1897,0.0549,0.0882
1898,0.0557,0.0698
1899,0.0566,0.0743
1900,0.0593,0.0872
1901,0.064,0.1154
1902,0.0686,0.1029
1903,0.0733,0.1086
1904,0.08,0.1291
1905,0.089,0.1519
1906,0.0979,0.1735
1907,0.1068,0.1829
1908,0.1532,0.186
1909,0.1617,0.1942
1910,0.1701,0.2071
1911,0.1786,0.2206
1912,0.1863,0.2375
1913,0.1932,0.2694
1914,0.2,0.2773
1915,0.2069,0.2708
1916,0.2114,0.2795
1917,0.2134,0.3089
1918,0.2155,0.3427
1919,0.2176,0.3429
1920,0.2208,0.3418
1921,0.2251,0.3508
1922,0.2294,0.3434
1923,0.2337,0.321
1924,0.2369,0.3102
1925,0.2389,0.2945
1926,0.2409,0.2883
1927,0.2429,0.2897
1928,0.2451,0.3058
1929,0.2474,0.3007
1930,0.2497,0.3182
1931,0.2521,0.3253
1932,0.2527,0.3074
1933,0.2515,0.2778
1934,0.2503,0.2882
1935,0.2492,0.3012
1936,0.2487,0.3104
1937,0.2489,0.3155
1938,0.2491,0.3228
1939,0.2492,0.3281
1940,0.25,0.3235
1941,0.2514,0.311
1942,0.2528,0.3028
1943,0.2542,0.3065
1944,0.2936,0.3156
1945,0.2904,0.3109
1946,0.2873,0.3322
1947,0.2841,0.3308
1948,0.2801,0.3325
1949,0.2753,0.3446
1950,0.2705,0.346
1951,0.2657,0.3379
1952,0.2577,0.3354
1953,0.2465,0.3088
1954,0.2353,0.2977
1955,0.2242,0.2883
1956,0.2071,0.2409
1957,0.1842,0.197
1958,0.1612,0.1467
1959,0.1383,0.1055
1960,0.1216,0.084
1961,0.1109,0.0605
1962,0.1004,0.0597
1963,0.0899,0.063
1964,0.0604,0.0765
1965,0.0621,0.0818
1966,0.0638,0.0859
1967,0.0655,0.0839
1968,0.0666,0.0835
1969,0.0672,0.089
1970,0.0678,0.089
1971,0.0683,0.0878
1972,0.0682,0.075
1973,0.0674,0.0685
1974,0.0666,0.0671
1975,0.0657,0.0592
1976,0.065,0.0583
1977,0.0642,0.0551
1978,0.0635,0.0592
1979,0.0628,0.0672
1980,0.0618,0.0639
1981,0.0604,0.0582
1982,0.0589,0.0553
1983,0.0575,0.0611
1984,0.0559,0.0595
1985,0.055,0.0567
1986,0.0541,0.0584
1987,0.0532,0.0539
1988,0.0519,0.0513
1989,0.0503,0.0508
1990,0.0487,0.0479
1991,0.0472,0.0414
1992,0.0462,0.0404
1993,0.0457,0.0396
1994,0.0452,0.0374
1995,0.0446,0.029
1996,0.046,0.0318
1997,0.0491,0.0345
1998,0.0522,0.0338
1999,0.0553,0.0397
2000,0.0587,0.0378
2001,0.0625,0.0361
2002,0.0661,0.0373
2003,0.0698,0.0382
2004,0.0567,0.0412
2005,0.0614,0.0453
2006,0.0661,0.0491
2007,0.0709,0.0479
2008,0.0749,0.052
2009,0.0782,0.0549
2010,0.0816,0.061
2011,0.0851,0.0594
2012,0.0879,0.0525
2013,0.0903,0.0548
2014,0.0926,0.0594
2015,0.095,0.0573
2016,0.0953,0.0514
2017,0.0935,0.0494
2018,0.0918,0.0456
2019,0.09,0.0413
2020,0.0878,0.044
2021,0.0851,0.0424
2022,0.0825,0.0402
2023,0.0798,0.0349
2024,0.0775,0.0336
2025,0.0755,0.034
2026,0.0737,0.0347
2027,0.0717,0.0327
2028,0.0702,0.0301
2029,0.0689,0.0182
2030,0.0676,0.0193
2031,0.0664,0.0174
2032,0.0634,0.0163
2033,0.0586,0.0185
2034,0.0539,0.0243
2035,0.0491,0.0338
2036,0.0454,0.0336
2037,0.0428,0.0385
2038,0.0402,0.0339
2039,0.0375,0.0206
2040,0.0333,0.0196
2041,0.0315,0.0282
2042,0.0297,0.0241
2043,0.028,0.0147
2044,0.0268,0.01
2045,0.0261,0.0097
2046,0.0254,0.0096
2047,0.0248,0.0095
2048,0.0232,0.0094
2049,0.0206,0.0123
2050,0.0182,0.0148
2051,0.0157,0.0122
2052,0.0141,0.0111
2053,0.0133,0.0097
2054,0.0124,0.0101
2055,0.0117,0.0163
2056,0.0112,0.0177
2057,0.0112,0.0174
2058,0.0112,0.0162
2059,0.0111,0.0153
2060,0.0147,0.0138
2061,0.0142,0.0148
2062,0.0136,0.0149
2063,0.0131,0.0152
2064,0.0128,0.0153
2065,0.0126,0.0152
2066,0.0124,0.0153
2067,0.0122,0.018
2068,0.0122,0.0141
2069,0.0125,0.0135
2070,0.0128,0.0127
2071,0.0131,0.0126
2072,0.0135,0.0121
2073,0.0137,0.0122
2074,0.014,0.0121
2075,0.0143,0.0121
2076,0.0148,0.0123
2077,0.0155,0.0183
2078,0.0162,0.016
2079,0.0169,0.0222
2080,0.0184,0.0251
2081,0.0202,0.0318
2082,0.022,0.0292
2083,0.0239,0.0292
2084,0.0256,0.0334
2085,0.0272,0.0312
2086,0.0287,0.0316
2087,0.0304,0.0328
2088,0.0315,0.0313
2089,0.0323,0.0281
2090,0.033,0.0309
2091,0.0337,0.0311
2092,0.0339,0.0294
2093,0.0335,0.0266
2094,0.0332,0.0292
2095,0.0328,0.0294
2096,0.0328,0.03
2097,0.0331,0.0308
2098,0.0334,0.0381
2099,0.0337,0.0523
2100,0.0304,0.0593
2101,0.0296,0.0579
2102,0.0289,0.0733
2103,0.0281,0.0763
2104,0.0273,0.0601
2105,0.0265,0.0424
2106,0.0258,0.0248
2107,0.0249,0.0098
2108,0.0238,0.0104
2109,0.0223,0.0188
2110,0.0207,0.0128
2111,0.0192,0.0124
2112,0.0178,0.0114
2113,0.0165,0.0083
2114,0.0153,0.0087
2115,0.014,0.0113
2116,0.013,0.01
2117,0.0123,0.0082
2118,0.0114,0.0094
2119,0.0107,0.0084
2120,0.0102,0.0082
2121,0.0099,0.0084
2122,0.0096,0.009
2123,0.0093,0.0093
2124,0.0094,0.0108
2125,0.0098,0.0127
2126,0.0102,0.0124
2127,0.0105,0.0141
2128,0.0112,0.016
2129,0.0121,0.0163
2130,0.013,0.0194
2131,0.0139,0.0203
2132,0.0147,0.0196
2133,0.0152,0.0188
2134,0.0158,0.0166
2135,0.0164,0.0164
2136,0.0194,0.0166
2137,0.0198,0.0176
2138,0.0201,0.0203
2139,0.0205,0.0207
2140,0.0209,0.0203
2141,0.0213,0.0204
2142,0.0217,0.0188
2143,0.022,0.0168
2144,0.0217,0.0167
2145,0.0206,0.0137
2146,0.0195,0.0152
2147,0.0184,0.0178
2148,0.0172,0.0205
2149,0.016,0.0175
2150,0.0147,0.0162
2151,0.0134,0.0157
2152,0.0125,0.0138
2153,0.0119,0.0107
2154,0.0114,0.0105
2155,0.0107,0.0105
2156,0.0099,0.0107
2157,0.0093,0.0119
2158,0.0089,0.0112
2159,0.0083,0.0082
2160,0.008,0.0081
2161,0.0077,0.008
2162,0.0075,0.008
2163,0.0072,0.0079
2164,0.0069,0.0079
2165,0.0068,0.0078
2166,0.0066,0.0078
2167,0.0064,0.0078
2168,0.0063,0.0078
2169,0.0063,0.0077
2170,0.0063,0.0077
2171,0.0063,0.0077
2172,0.0063,0.0077
2173,0.0065,0.0093
2174,0.0067,0.0133
2175,0.0069,0.0102
2176,0.0088,0.0107
2177,0.0092,0.0135
2178,0.0095,0.0179
2179,0.0099,0.019
2180,0.0107,0.0193
2181,0.0121,0.014
2182,0.0136,0.0157
2183,0.015,0.0178
2184,0.0177,0.0284
2185,0.0218,0.03
2186,0.026,0.0241
2187,0.0301,0.0296
2188,0.0381,0.0439
2189,0.0503,0.06
2190,0.0623,0.0673
2191,0.0744,0.0842
2192,0.0854,0.1259
2193,0.0952,0.1389
2194,0.105,0.1113
2195,0.1149,0.1041
2196,0.1428,0.1103
2197,0.1455,0.1276
2198,0.1483,0.1399
2199,0.151,0.1541
2200,0.1524,0.1634
2201,0.1526,0.1786
2202,0.1528,0.1649
2203,0.1529,0.1736
2204,0.1512,0.1737
2205,0.1476,0.1769
2206,0.1441,0.1615
2207,0.1406,0.1577
2208,0.1374,0.1478
2209,0.1347,0.1477
2210,0.1319,0.1368
2211,0.1292,0.1403
2212,0.1252,0.1254
2213,0.1198,0.1252
2214,0.1145,0.1177
2215,0.1091,0.0904
2216,0.1024,0.0885
2217,0.0943,0.0839
2218,0.0862,0.0885
2219,0.0781,0.1024
2220,0.0726,0.1101
2221,0.0697,0.1109
2222,0.0668,0.1167
2223,0.064,0.1156
2224,0.0626,0.1084
2225,0.063,0.1057
2226,0.0633,0.1172
2227,0.0636,0.1214
2228,0.064,0.1423
2229,0.0645,0.149
2230,0.065,0.1287
2231,0.0656,0.1108
2232,0.1241,0.1081
2233,0.1219,0.1142
2234,0.1196,0.1075
2235,0.1173,0.1123
2236,0.1145,0.1171
2237,0.1111,0.1048
2238,0.1078,0.1013
2239,0.1044,0.0957
2240,0.1005,0.0904
2241,0.096,0.0783
2242,0.0915,0.0789
2243,0.087,0.0799
2244,0.0819,0.0742
2245,0.0763,0.064
2246,0.0707,0.0583
2247,0.0651,0.0466
2248,0.0592,0.0347
2249,0.0533,0.0166
2250,0.0473,0.0145
2251,0.0413,0.0128
2252,0.0178,0.0112
2253,0.0164,0.0124
2254,0.0151,0.0135
2255,0.0137,0.014
2256,0.0132,0.0144
2257,0.0136,0.0134
2258,0.0141,0.0143
2259,0.0145,0.0198
2260,0.0147,0.027
2261,0.0147,0.0266
2262,0.0148,0.0315
2263,0.0148,0.0324
2264,0.0147,0.0263
2265,0.0146,0.0309
2266,0.0145,0.0266
2267,0.0144,0.0164
2268,0.0143,0.0187
2269,0.0141,0.0165
2270,0.014,0.0189
2271,0.0138,0.0251
2272,0.0186,0.0235
2273,0.0191,0.0214
2274,0.0197,0.0187
2275,0.0203,0.0166
2276,0.0215,0.0218
2277,0.0236,0.0182
2278,0.0256,0.0151
2279,0.0276,0.0186
2280,0.0309,0.024
2281,0.0356,0.0213
2282,0.0404,0.0287
2283,0.045,0.0331
2284,0.0513,0.0414
2285,0.0592,0.0543
2286,0.0672,0.0578
2287,0.0751,0.0733
2288,0.0832,0.0764
2289,0.0913,0.0784
2290,0.0995,0.1226
2291,0.1077,0.1554
2292,0.1159,0.1723
2293,0.1209,0.1793
2294,0.1257,0.1752
2295,0.1307,0.1839
2296,0.1339,0.2011
2297,0.1353,0.2201
2298,0.1368,0.2048
2299,0.1384,0.2086
2300,0.1378,0.2158
2301,0.1353,0.214
2302,0.1327,0.2179
2303,0.1302,0.189
2304,0.1272,0.1696
2305,0.1239,0.1608
2306,0.1205,0.1492
2307,0.1171,0.1193
2308,0.1153,0.0987
2309,0.1149,0.1
2310,0.1146,0.1101
2311,0.1142,0.1207
2312,0.1163,0.1257
2313,0.1209,0.1283
2314,0.1255,0.1379
2315,0.1301,0.1574
2316,0.1321,0.1709
2317,0.1314,0.1812
2318,0.1308,0.2043
2319,0.1301,0.2078
2320,0.1289,0.2064
2321,0.1274,0.1937
2322,0.1258,0.1819
2323,0.1241,0.1906
2324,0.1228,0.1873
2325,0.1216,0.1684
2326,0.1203,0.1554
2327,0.1191,0.1516
2328,0.1594,0.1349
2329,0.1525,0.1248
2330,0.1456,0.1241
2331,0.1386,0.0735
2332,0.1303,0.0491
2333,0.1205,0.0539
2334,0.1108,0.0647
2335,0.1011,0.0651
2336,0.0925,0.0698
2337,0.0851,0.0495
2338,0.0775,0.0368
2339,0.0701,0.0424
2340,0.0631,0.0421
2341,0.0565,0.0508
2342,0.0499,0.0475
2343,0.0434,0.0376
2344,0.0384,0.0321
2345,0.0351,0.0256
2346,0.0318,0.0141
2347,0.0284,0.0124
2348,0.0181,0.0116
2349,0.0169,0.0123
2350,0.0157,0.0127
2351,0.0145,0.0126
2352,0.0139,0.0124
2353,0.014,0.0124
2354,0.0141,0.0172
2355,0.0142,0.0155
2356,0.0147,0.0212
2357,0.0154,0.0318
2358,0.0162,0.0371
2359,0.0169,0.0402
2360,0.0174,0.0265
2361,0.0178,0.0276
2362,0.0181,0.0188
2363,0.0185,0.0174
2364,0.0184,0.0163
2365,0.0179,0.0167
2366,0.0174,0.0159
2367,0.0169,0.0157
2368,0.0179,0.0155
2369,0.0181,0.0147
2370,0.0182,0.0149
2371,0.0184,0.0145
2372,0.0193,0.0239
2373,0.0208,0.0354
2374,0.0224,0.0337
2375,0.0239,0.0356
2376,0.0272,0.0393
2377,0.0321,0.0455
2378,0.0371,0.0508
2379,0.0421,0.061
2380,0.0488,0.0852
2381,0.0573,0.0878
2382,0.0658,0.0929
2383,0.0743,0.0989
2384,0.0816,0.099
2385,0.088,0.1145
2386,0.0943,0.1241
2387,0.1006,0.1288
2388,0.1369,0.1366
2389,0.1344,0.1386
2390,0.132,0.1369
2391,0.1295,0.1424
2392,0.1261,0.1312
2393,0.1218,0.1218
2394,0.1175,0.1186
2395,0.1132,0.1101
2396,0.108,0.1014
2397,0.1022,0.0929
2398,0.0963,0.0919
2399,0.0904,0.0917
2400,0.0845,0.094
2401,0.0785,0.0859
2402,0.0726,0.0839
2403,0.0666,0.0774
2404,0.0615,0.0698
2405,0.0571,0.0549
2406,0.0528,0.0488
2407,0.0484,0.0426
2408,0.045,0.045
2409,0.0424,0.0467
2410,0.0399,0.0466
2411,0.0373,0.0428
2412,0.0356,0.0437
2413,0.0345,0.0389
2414,0.0334,0.0407
2415,0.0323,0.0416
2416,0.0321,0.0368
2417,0.0328,0.0345
2418,0.0334,0.0348
2419,0.034,0.0365
2420,0.0349,0.0369
2421,0.0359,0.0318
2422,0.0369,0.0238
2423,0.038,0.0147
2424,0.0284,0.0167
2425,0.028,0.0133
2426,0.0275,0.0136
2427,0.0272,0.0138
2428,0.0268,0.0136
2429,0.0267,0.0134
2430,0.0266,0.0133
2431,0.0265,0.013
2432,0.0254,0.0127
2433,0.0237,0.0123
2434,0.0218,0.0143
2435,0.02,0.0153
2436,0.0183,0.013
2437,0.0167,0.0107
2438,0.0151,0.01
2439,0.0135,0.0095
2440,0.0123,0.0092
2441,0.0114,0.009
2442,0.0107,0.0087
2443,0.0099,0.0084
2444,0.0081,0.01
2445,0.0079,0.0106
2446,0.0076,0.0113
2447,0.0073,0.0109
2448,0.0072,0.0104
2449,0.0072,0.0099
2450,0.0073,0.0097
2451,0.0073,0.0095
2452,0.0074,0.0094
2453,0.0077,0.0093
2454,0.008,0.0093
2455,0.0083,0.0092
2456,0.0085,0.0097
2457,0.0087,0.0099
2458,0.0089,0.01
2459,0.0092,0.0104
2460,0.0095,0.01
2461,0.01,0.0097
2462,0.0105,0.0092
2463,0.0109,0.0092
2464,0.0117,0.0107
2465,0.0124,0.0112
2466,0.0131,0.0113
2467,0.0138,0.0114
2468,0.0144,0.0113
2469,0.0147,0.0116
2470,0.0151,0.0123
2471,0.0154,0.0127
2472,0.0161,0.0126
2473,0.017,0.0123
2474,0.018,0.0123
2475,0.0189,0.0181
2476,0.0205,0.023
2477,0.0227,0.0256
2478,0.0249,0.0277
2479,0.0271,0.0311
2480,0.0306,0.0351
2481,0.0355,0.0377
2482,0.0404,0.0439
2483,0.0452,0.0485
2484,0.0494,0.0515
2485,0.0523,0.0506
2486,0.0551,0.0486
2487,0.058,0.0443
2488,0.0604,0.0465
2489,0.0623,0.0517
2490,0.0642,0.0576
2491,0.0661,0.058
2492,0.0655,0.0576
2493,0.0625,0.0537
2494,0.0596,0.051
2495,0.0566,0.0486
2496,0.0537,0.0404
2497,0.051,0.0375
2498,0.0482,0.0381
2499,0.0454,0.0384
2500,0.0424,0.0356
2501,0.039,0.0316
2502,0.0357,0.028
2503,0.0324,0.0258
2504,0.0309,0.0267
2505,0.0313,0.033
2506,0.0318,0.0323
2507,0.0322,0.0281
2508,0.0328,0.0253
2509,0.0336,0.0283
2510,0.0344,0.0317
2511,0.0352,0.0397
2512,0.0359,0.0428
2513,0.0364,0.0411
2514,0.0369,0.0404
2515,0.0374,0.0381
2516,0.0381,0.0407
2517,0.039,0.0497
2518,0.0398,0.0515
2519,0.0407,0.0446
2520,0.0537,0.0389
2521,0.0563,0.0429
2522,0.0589,0.0382
2523,0.0616,0.0441
2524,0.0621,0.0469
2525,0.0605,0.0393
2526,0.0589,0.035
2527,0.0573,0.0434
2528,0.0555,0.0434
2529,0.0535,0.0482
2530,0.0516,0.0516
2531,0.0496,0.0535
2532,0.0475,0.0525
2533,0.0453,0.0477
2534,0.043,0.0453
2535,0.0408,0.0331
2536,0.038,0.0234
2537,0.0347,0.0111
2538,0.0313,0.0108
2539,0.028,0.0105
2540,0.0111,0.0099
2541,0.0107,0.0093
2542,0.0104,0.0095
2543,0.0099,0.0095
2544,0.0102,0.0102
2545,0.0112,0.011
2546,0.0123,0.0126
2547,0.0133,0.0126
2548,0.0148,0.0115
2549,0.0168,0.0129
2550,0.0188,0.0146
2551,0.0207,0.0146
2552,0.0226,0.0264
2553,0.0245,0.0251
2554,0.0264,0.0325
2555,0.0283,0.0417
2556,0.0294,0.0489
2557,0.0299,0.0436
2558,0.0303,0.047
2559,0.0308,0.0391
2560,0.0453,0.0424
2561,0.0454,0.0534
2562,0.0456,0.0522
2563,0.0457,0.0573
2564,0.0462,0.0551
2565,0.0468,0.063
2566,0.0475,0.0559
2567,0.0482,0.0413
2568,0.0503,0.0408
2569,0.0537,0.0415
2570,0.0571,0.0401
2571,0.0606,0.0383
2572,0.0678,0.049
2573,0.0788,0.0601
2574,0.0897,0.0771
2575,0.1007,0.0938
2576,0.1103,0.1194
2577,0.1184,0.1363
2578,0.1265,0.15
2579,0.1347,0.1937
2580,0.1473,0.2148
2581,0.1519,0.2064
2582,0.1564,0.1905
2583,0.161,0.1839
2584,0.1659,0.1762
2585,0.1712,0.1862
2586,0.1765,0.1787
2587,0.1817,0.1821
2588,0.185,0.1995
2589,0.186,0.1939
2590,0.1871,0.1944
2591,0.1882,0.1937
2592,0.1881,0.1948
2593,0.1868,0.2091
2594,0.1855,0.2147
2595,0.1841,0.2247
2596,0.185,0.2496
2597,0.1879,0.2765
2598,0.1907,0.2736
2599,0.1936,0.2897
2600,0.1954,0.2898
2601,0.1961,0.3082
2602,0.1968,0.3243
2603,0.1976,0.3224
2604,0.1976,0.2804
2605,0.1968,0.2543
2606,0.196,0.2587
2607,0.1953,0.2389
2608,0.1938,0.2331
2609,0.1917,0.23
2610,0.1896,0.2156
2611,0.1874,0.2122
2612,0.1846,0.1944
2613,0.1814,0.1924
2614,0.178,0.1596
2615,0.1747,0.1468
2616,0.1512,0.1462
2617,0.1464,0.1146
2618,0.1416,0.1187
2619,0.1368,0.0933
2620,0.1363,0.0949
2621,0.1399,0.1103
2622,0.1436,0.1233
2623,0.1473,0.0879
2624,0.1475,0.0697
2625,0.1443,0.051
2626,0.1411,0.0369
2627,0.1379,0.0487
2628,0.1354,0.0514
2629,0.1336,0.0537
2630,0.1319,0.052
2631,0.1301,0.0627
2632,0.1274,0.0765
2633,0.1238,0.0932
2634,0.1201,0.0958
2635,0.1164,0.092
2636,0.0909,0.0856
2637,0.0902,0.0883
2638,0.0895,0.0901
2639,0.0888,0.0809
2640,0.0899,0.0778
2641,0.0928,0.0807
2642,0.0958,0.0636
2643,0.0987,0.0735
2644,0.0998,0.1148
2645,0.0991,0.1142
2646,0.0984,0.1025
2647,0.0977,0.1055
2648,0.099,0.1216
2649,0.1022,0.104
2650,0.1055,0.0991
2651,0.1087,0.0933
2652,0.1099,0.09
2653,0.1092,0.0814
2654,0.1085,0.0866
2655,0.1077,0.0902
2656,0.1113,0.1031
2657,0.1093,0.1038
2658,0.1073,0.0916
2659,0.1053,0.1083
2660,0.1024,0.0795
2661,0.0984,0.0928
2662,0.0944,0.0987
2663,0.0904,0.1043
2664,0.0874,0.1221
2665,0.0854,0.1289
2666,0.0834,0.1212
2667,0.0813,0.0962
2668,0.0786,0.1038
2669,0.0751,0.0976
2670,0.0716,0.1077
2671,0.0681,0.1241
2672,0.0659,0.1166
2673,0.065,0.1252
2674,0.0641,0.112
2675,0.0631,0.1014
2676,0.0974,0.1014
2677,0.0985,0.1008
2678,0.0996,0.1053
2679,0.1007,0.1332
2680,0.1015,0.155
2681,0.1019,0.1402
2682,0.1025,0.1381
2683,0.103,0.1426
2684,0.1024,0.1313
2685,0.1006,0.1356
2686,0.0988,0.1386
2687,0.0971,0.1491
2688,0.0964,0.1512
2689,0.0967,0.1551
2690,0.097,0.1518
2691,0.0972,0.145
2692,0.0981,0.1531
2693,0.0995,0.1531
2694,0.1009,0.1653
2695,0.1024,0.1913
2696,0.1034,0.1591
2697,0.1041,0.1437
2698,0.1049,0.1405
2699,0.1056,0.1331
2700,0.1075,0.1385
2701,0.1105,0.1326
2702,0.1136,0.1218
2703,0.1166,0.1223
2704,0.1196,0.1447
2705,0.1224,0.1455
2706,0.1252,0.1581
2707,0.128,0.1286
2708,0.1311,0.1332
2709,0.1345,0.1358
2710,0.1379,0.1409
2711,0.1413,0.148
2712,0.1517,0.1588
2713,0.1553,0.1898
2714,0.1589,0.2064
2715,0.1625,0.207
2716,0.1649,0.1923
2717,0.1659,0.1854
2718,0.167,0.1751
2719,0.168,0.1645
2720,0.1702,0.1601
2721,0.1735,0.1725
2722,0.1769,0.1874
2723,0.1802,0.2251
2724,0.1815,0.2545
2725,0.1811,0.2512
2726,0.1806,0.2425
2727,0.1801,0.2194
2728,0.1764,0.1803
2729,0.1693,0.155
2730,0.1622,0.1637
2731,0.1552,0.134
2732,0.1656,0.1231
2733,0.1711,0.1125
2734,0.1764,0.1
2735,0.1818,0.1387
2736,0.1873,0.1567
2737,0.1929,0.1633
2738,0.1985,0.1901
2739,0.2042,0.2352
2740,0.2098,0.2617
2741,0.2153,0.2724
2742,0.2208,0.2621
2743,0.2263,0.2347
2744,0.2299,0.2617
2745,0.2316,0.283
2746,0.2333,0.3046
2747,0.235,0.2782
2748,0.2335,0.2678
2749,0.2288,0.2751
2750,0.224,0.3339
2751,0.2194,0.3627
2752,0.2561,0.3543
2753,0.2559,0.3232
2754,0.2557,0.3269
2755,0.2555,0.3166
2756,0.2516,0.2842
2757,0.2442,0.268
2758,0.2367,0.229
2759,0.2292,0.1851
2760,0.2212,0.1605
2761,0.2126,0.1573
2762,0.204,0.1125
2763,0.1953,0.095
2764,0.1875,0.1647
2765,0.1806,0.2276
2766,0.1737,0.1125
2767,0.1667,0.0782
2768,0.1589,0.0854
2769,0.1503,0.1142
2770,0.1416,0.1197
2771,0.133,0.1536
2772,0.1031,0.1582
2773,0.1033,0.1735
2774,0.1035,0.1982
2775,0.1038,0.238
2776,0.1008,0.1846
2777,0.0947,0.1624
2778,0.0886,0.1079
2779,0.0825,0.1351
2780,0.0786,0.1522
2781,0.0769,0.1291
2782,0.0753,0.1005
2783,0.0736,0.0945
2784,0.0707,0.1091
2785,0.0664,0.0847
2786,0.0621,0.0618
2787,0.0578,0.0583
2788,0.0565,0.0554
2789,0.0583,0.0553
2790,0.0601,0.1779
2791,0.0619,0.1254
2792,0.0605,0.1289
2793,0.0558,0.0972
2794,0.051,0.0781
2795,0.0463,0.0527
2796,0.043,0.0599
2797,0.0412,0.0376
2798,0.0393,0.0435
2799,0.0374,0.0311
2800,0.0361,0.027
2801,0.0352,0.0212
2802,0.0343,0.0262
2803,0.0334,0.0279
2804,0.0332,0.0414
2805,0.0337,0.0458
2806,0.0342,0.053
2807,0.0346,0.05
2808,0.0338,0.0404
2809,0.0338,0.0293
2810,0.0338,0.0518
2811,0.0338,0.0613
2812,0.0337,0.0988
2813,0.0335,0.1104
2814,0.0335,0.0688
2815,0.0333,0.0539
2816,0.0335,0.0558
2817,0.0339,0.0489
2818,0.0344,0.0475
2819,0.0349,0.0454
2820,0.035,0.0419
2821,0.0349,0.0297
2822,0.0347,0.0244
2823,0.0345,0.0318
2824,0.0354,0.0386
2825,0.0375,0.0448
2826,0.0395,0.039
2827,0.0416,0.0295
2828,0.0508,0.0383
2829,0.0527,0.0469
2830,0.0546,0.0509
2831,0.0566,0.053
2832,0.0596,0.0355
2833,0.0638,0.0325
2834,0.068,0.0321
2835,0.0722,0.0293
2836,0.0714,0.0294
2837,0.0654,0.0326
2838,0.0594,0.0185
2839,0.0533,0.0119
2840,0.0499,0.01
2841,0.049,0.0093
2842,0.0482,0.0114
2843,0.0473,0.0591
2844,0.0467,0.0761
2845,0.0462,0.0186
2846,0.0457,0.0147
2847,0.0452,0.0156
2848,0.0374,0.0184
2849,0.035,0.015
2850,0.0326,0.0156
2851,0.0302,0.0157
2852,0.0285,0.0155
2853,0.0274,0.0138
2854,0.0263,0.0102
2855,0.0251,0.0097
2856,0.025,0.0094
2857,0.026,0.0104
2858,0.0269,0.011
2859,0.0278,0.0093
2860,0.0289,0.0079
2861,0.0302,0.0078
2862,0.0315,0.0081
2863,0.0328,0.0214
2864,0.0329,0.0227
2865,0.032,0.037
2866,0.031,0.0548
2867,0.03,0.065
2868,0.0398,0.0727
2869,0.0484,0.0766
2870,0.057,0.0793
2871,0.0655,0.0828
2872,0.0733,0.0861
2873,0.0803,0.0847
2874,0.0872,0.0769
2875,0.0942,0.0702
2876,0.1031,0.084
2877,0.1139,0.1022
2878,0.1247,0.1138
2879,0.1356,0.1192
